"GP","blood","spleen","LN","bone marrow","lung","liver","peritoneal cavity","colon epi","small intestine epi","colon LP","small intestine LP","skin","mammary gland","uterus","placenta","submandibular gland","kidney","CNS"
"GP1",0.557393514874695,0.561640441996476,0.587215263864473,0.524065145171278,0.594594933718609,0.559983710329215,0.587866880096854,0.633349594652253,0.785155869074976,0.547921896268407,0.54967903600884,0.675413882589226,0.771942070979658,0.722077427278431,0.509445149093482,0.786529766358465,0.502911349918157,0.796498303997125
"GP2",0.59564205804886,0.527036476693679,0.621923761306414,0.54432239969519,0.536156500528657,0.573072341479025,0.602709789551483,0.532608919459409,0.557194698702833,0.581764424293476,0.508674942046081,0.543226227057362,0.787156017954787,0.587533988063696,0.483666968098508,0.629846523837595,0.584774499157507,0.758043139463865
"GP3",0.672151608454677,0.567471675948101,0.547993694701607,0.678556646645524,0.5165823722735,0.558471396655957,0.750770984534634,0.644014722490721,0.901987869438771,0.568174300604903,0.532867771706747,0.639968966602135,0.66271356412055,0.699706055394163,0.620603351614116,0.549810742304549,0.568641846363696,0.703270066471107
"GP4",0.516228777025301,0.550594973994302,0.592705914816361,0.663735265653373,0.59166413894564,0.522770883514165,0.552432657604121,0.501198971866393,0.502594986953922,0.597684089931917,0.624641095093293,0.568105588110396,0.485492919563558,0.697973484946943,0.578137885834368,0.70072877810265,0.618442684102781,0.89494869607196
"GP5",0.53668870941612,0.511476351808544,0.518438850718561,0.550713852016289,0.52940856828691,0.527391088857369,0.550632359199302,0.524026693472743,0.526015771163241,0.514063151402895,0.514007931084363,0.525400224684066,0.638130422554791,0.521578147898117,0.607866218905415,0.52150481928817,0.578749863675405,0.56807259222903
"GP6",0.635040006998199,0.534646831988356,0.50744511503643,0.611681031969978,0.60123346895398,0.516766069397657,0.602970796700443,0.59618719375511,0.585307880344815,0.536659222462936,0.648937397195556,0.950275372761943,0.667001073072736,0.516031486468199,0.517883569097099,0.785290184053983,0.540931116140301,0.391353882030422
"GP7",0.518056559529273,0.500747206586304,0.545668784704214,0.53517569192284,0.552227748737762,0.51329208487029,0.594583128943272,0.516020007716136,0.530559790822763,0.514006998770663,0.50324407679556,0.720035310932112,0.56630268840943,0.583179876144891,0.588294263905904,0.510319906621272,0.53894742567985,0.781251867552834
"GP8",0.53152346685213,0.511371979431823,0.503557308729672,0.503344519075809,0.559315702048243,0.529101216718487,0.505118253249031,0.529077098935572,0.53710288222882,0.552485691004713,0.529529021151244,0.857928708730844,0.504755450576433,0.491413958132372,0.594790158613398,0.524242672998603,0.513499975803222,0.824553238977677
"GP9",0.658680687243245,0.506385099140141,0.651673187152771,0.63986100632304,0.495216550044692,0.52774106204621,0.650560732191568,0.497263926176156,0.523619639053595,0.608174822259715,0.612217124571158,0.543632022877157,0.528646772676874,0.608496971353838,0.615729446795314,0.590628773471871,0.560923791188718,0.624658012665241
"GP10",0.502005823840779,0.503604174032297,0.54766587556672,0.511552211067376,0.516168431250248,0.610588337902762,0.516513868758439,0.518548535274987,0.532502314262398,0.544746175957273,0.500029062842155,0.516168362478119,0.673541535985204,0.558639791147709,0.59537049479803,0.554110034777469,0.611184820565214,0.594467762806272
"GP11",0.495005077093565,0.629081891945434,0.635718726159088,0.593400576696207,0.89790300491773,0.749351354017566,0.604484380539943,0.517694512813788,0.562854803482348,0.75648549212654,0.677545909263469,0.611334048435722,0.499927276275279,0.502633081004706,0.908044582425517,0.495119637908346,0.878263611866743,0.518240666686164
"GP12",0.591392211361658,0.503142883406461,0.495562970063648,0.523436310314476,0.562419214672342,0.536418733540327,0.552841800860939,0.530642799734845,0.519896726630801,0.513025184057233,0.573707595007246,0.506890464348837,0.636049320768105,0.589396909166953,0.677535008032266,0.61045750272323,0.515856070489315,0.521995480998962
"GP13",0.601193218496903,0.516140509646313,0.539906229742885,0.64322783521599,0.648705786679374,0.517531107700857,0.605726005472991,0.599255483754345,0.59343306219573,0.51213643025239,0.55775121247309,0.53728736334222,0.528303246346642,0.504944650616271,0.538656925467916,0.597701023218134,0.548772606503204,0.798905725297124
"GP14",0.530049428892781,0.498904026669535,0.505820278079225,0.519134544632195,0.522307273886608,0.510509853641344,0.580269184619745,0.52937917039322,0.519632357680084,0.529508618872202,0.514254742645189,0.50458150451222,0.50588022753679,0.55032959318625,0.580561304357079,0.531139082647889,0.556517079307928,0.540400386374164
"GP15",0.555964766569157,0.521024197750351,0.532907887189201,0.545753613406434,0.564548181622755,0.512093728513235,0.63662203570718,0.602683725375346,0.519279466028945,0.550983609073061,0.508839824885601,0.521297675627965,0.550286391154165,0.590708801645741,0.537534269557781,0.602048117181758,0.496284857227487,0.608602886108202
"GP16",0.514065921559546,0.52634259920891,0.60146484718475,0.561303462893785,0.535443901438076,0.521925263084494,0.553077772509679,0.599197743051242,0.533957282549547,0.60274838456835,0.515399422022678,0.502962283922907,0.50480897968572,0.574256292633631,0.528388581342741,0.502751269066943,0.523357480092322,0.619318877785648
"GP17",0.644653127587527,0.534415635631847,0.50884086511642,0.679643008005439,0.511066593177573,0.552819620362643,0.54752082765937,0.563360865830988,0.507219694901721,0.577128753630086,0.578627083175677,0.570890476633818,0.608220146241118,0.536809002007392,0.73523490790257,0.774506958604554,0.559378576896102,0.952745456310177
"GP18",0.567261367062177,0.509628626806207,0.551654666461178,0.611571838706165,0.613815481532504,0.494196538495635,0.582169302994859,0.56603644240047,0.562161958368338,0.544038050687318,0.535220295403404,0.639508935880261,0.527862065480469,0.497419627807247,0.596087446901138,0.565260045658285,0.488365242086488,0.785320748623256
"GP19",0.507274448150019,0.563363632629531,0.525905655162917,0.609520069599185,0.609682930965033,0.667656323919878,0.683824359151066,0.650300695982221,0.556066624078771,0.52064300754002,0.56327162094618,0.632149074057574,0.630997018052246,0.577268032125401,0.513228597134943,0.510507556267514,0.709732773783062,0.591362697939409
"GP20",0.567383758575939,0.53398808404947,0.538073589774416,0.624828127766606,0.541928619834633,0.531377058675356,0.581741952780907,0.569861833299767,0.539736697567036,0.53059925091001,0.550307313804715,0.49269525537197,0.531551933532308,0.566000766066195,0.534616164925017,0.601426966838393,0.521369957269508,0.824303172328558
"GP21",0.498580083318918,0.513156757349503,0.5149163975488,0.507981869105889,0.515764463127329,0.503548439006776,0.559898275021764,0.506014515648075,0.526636908179846,0.503564924808629,0.500922344795232,0.532673705326785,0.515440732145318,0.538514283574921,0.591182695362149,0.568059065771724,0.516483100385975,0.67753566522603
"GP22",0.502130419881715,0.532007812211438,0.529151520340088,0.650174912670158,0.555979010057101,0.627361977128352,0.612442674861462,0.705478093573499,0.56056065053994,0.659631084039609,0.51629338283661,0.496952262628975,0.810814630548107,0.621270923652996,0.60397075124043,0.490361600215336,0.542996701574516,0.63105802351559
"GP23",0.616406858306521,0.515324059858556,0.524161982683518,0.608900349319367,0.524673357849479,0.516152029269569,0.581308143611714,0.492372772562662,0.54036097227514,0.525269604373145,0.573165031866423,0.845081468120502,0.63182857155064,0.567676975950474,0.652408255907224,0.78348718199818,0.546323788048228,0.864955532639843
"GP24",0.573721684162825,0.518152021501226,0.551732805606519,0.607738687845474,0.595110943386559,0.513152549006041,0.692855544569262,0.556636274273849,0.555493610054568,0.588895255118592,0.502011103693017,0.535378795744978,0.612139619049308,0.652457281592219,0.580434524414285,0.61314491502948,0.522357891089203,0.654534195766583
"GP25",0.537426526117254,0.56157377914198,0.578037889131113,0.527861251136826,0.53360879627272,0.607541539998357,0.788921197366109,0.564492261423924,0.546789454738597,0.613398964655746,0.502240704327429,0.76692703077285,0.505058873313415,0.737976109863007,0.576830261282697,0.7608927426245,0.598096527084394,0.553151242428596
"GP26",0.612366971635328,0.604281436524809,0.528382151420953,0.501189143585932,0.548286337684911,0.647389279104161,0.585561323854832,0.59042345014852,0.594744444927828,0.526722345691241,0.500472906387247,0.650552050819156,0.890189501703059,0.724367464668017,0.516860683466085,0.923772122713178,0.70176096541447,0.634727221789197
"GP27",0.533327170303023,0.540600358176283,0.540192912000269,0.587541391895466,0.539955259990486,0.507517228331611,0.559707452197099,0.530883353511777,0.504514621219035,0.649922060598389,0.670316963522079,0.530282783640668,0.649837043949782,0.589515705308325,0.60549060151754,0.603360487673964,0.523910303320414,0.589149396173811
"GP28",0.533058585538559,0.544097703932976,0.547205687904703,0.554138425014285,0.529152738683769,0.599726718076343,0.652490200189736,0.541710428530746,0.564913639378886,0.566267923556238,0.497624432202175,0.534502656897012,0.54480665874953,0.552382337923943,0.584164635917445,0.622518905900133,0.632094778592513,0.759033657699449
"GP29",0.629462924686605,0.637753054099897,0.600783998059793,0.53255216189101,0.481836351472302,0.569833706761601,0.572652273971598,0.938601831882679,0.834837125308708,0.65520969888778,0.623740649846386,0.601443048003989,0.78300172727747,0.51855382765602,0.669155322867829,0.753051406491535,0.554596195430437,0.533841011015225
"GP30",0.526095118170427,0.564369385728622,0.56562215403859,0.664082533451189,0.5244716199236,0.696204916982707,0.790601190850765,0.556280194067863,0.541875538783099,0.539800782446263,0.535014442874009,0.548857345836871,0.832225426362515,0.665017619567429,0.65701760085471,0.854679354259003,0.680687125261442,0.559823783542309
"GP31",0.562650952803189,0.519075856167378,0.54332072604057,0.540764112676566,0.510627905181851,0.536970939352727,0.612202838845687,0.538622643089719,0.547289809217297,0.59423020318493,0.555266184101543,0.642207669296136,0.706346062655133,0.592998318426723,0.539899467149024,0.677903413558342,0.535499995203518,0.643791502057117
"GP32",0.49186311732712,0.538875906755489,0.504363904536805,0.525053746331218,0.507857395051628,0.514649213827639,0.622772548489085,0.536457689844636,0.521433936231043,0.530524064849995,0.606729116399466,0.616536847967188,0.659236935076297,0.499076324232401,0.793639257663562,0.560740581038119,0.493364195703113,0.606203941643768
"GP33",0.60939559571576,0.555879318189044,0.511529052526052,0.678350061331147,0.570832508985051,0.564723568846299,0.614311060994818,0.561956482990477,0.60187179475335,0.608729941423275,0.578310108448568,0.499808220100522,0.627619014622232,0.518321302880032,0.582229406567281,0.577461812642616,0.53811179758267,0.888263863546683
"GP34",0.524370330024783,0.508743859199619,0.518919682278913,0.514957371706687,0.524431987642125,0.519035387756382,0.598395206092357,0.512905486939904,0.520877194037453,0.50987913357167,0.511795101592593,0.594091228450753,0.544160810687683,0.527706894690138,0.564978116695131,0.571407479344583,0.503019355975551,0.597340138536924
"GP35",0.610078934964358,0.590863510358224,0.605180596580487,0.651665621332234,0.600802779360534,0.640357012199077,0.598675749763551,0.628534607067449,0.474105913358514,0.853780160749543,0.767850649464048,0.711786839348899,0.615633398466842,0.657847123725863,0.697463410691412,0.866533073032259,0.69003819661064,0.785785279212129
"GP36",0.555391516771464,0.50408061634779,0.541350280458121,0.585925218211415,0.610406380976309,0.515686781882576,0.574977911606171,0.589980307286761,0.572630398576878,0.509137824170047,0.585608246071428,0.56151139825143,0.541254730218571,0.581130562180435,0.59856848573703,0.560820128749533,0.516321284766925,0.87530744422984
"GP37",0.526704046653555,0.507003227617506,0.499042101971478,0.522028326793898,0.524514664574983,0.55017681148296,0.584729553499327,0.512909286977999,0.539912794569603,0.5337623872249,0.511223940208428,0.513568882240643,0.991819791652933,0.563394149956342,0.545096824210101,0.59198635318305,0.5072801765577,0.615316963716177
"GP38",0.574631015450698,0.523205804999939,0.5541347353788,0.601495600851369,0.553392895029719,0.556267506173053,0.692312874794729,0.548838501115829,0.527403372197923,0.612057344310594,0.506982694978663,0.551229331388784,0.606269403490073,0.677399212758893,0.533550176419682,0.629587467614399,0.533356906122235,0.559514802886024
"GP39",0.596781575539521,0.556884145768973,0.549439725538145,0.624999169016939,0.554278440731707,0.607999356748412,0.686374475882907,0.620542535617153,0.534975585148004,0.586071220797061,0.538707785356113,0.515364825310753,0.544562150345794,0.577419551701011,0.589486613328576,0.616830772320197,0.65467617288322,0.520694286739983
"GP40",0.564722649825655,0.54181831108189,0.534443941469369,0.535897452743208,0.569367267976298,0.503041010261755,0.507982733657521,0.572066271581631,0.588031813247969,0.539915210501526,0.545282925236568,0.584492447816539,0.707622019885989,0.561606009222548,0.654231457916167,0.502159356746238,0.549402341187005,0.507272489150709
"GP41",0.713164881713073,0.548125080594587,0.587269276406538,0.532595548540532,0.658774084064259,0.513446495522104,0.796715243859615,0.585772816270292,0.667977866219035,0.555466780031801,0.610260698419372,0.537735624168713,0.67991117179804,0.550059180089242,0.787908245124922,0.654783138169742,0.536812721063561,0.49344719418862
"GP42",0.567087797885672,0.515886472425642,0.540468029809946,0.59055981770846,0.547323798084008,0.544727779711737,0.692493932075835,0.518399995019814,0.515618056819904,0.601245215964792,0.502723240208327,0.570964198721625,0.558743722974347,0.665489526920491,0.498465687896835,0.626646517120669,0.487602779901658,0.536993122319465
"GP43",0.501930103116325,0.528469564429773,0.53055704637972,0.542739635105795,0.627228408017023,0.655050247678889,0.546180613130271,0.534597414440793,0.647015597301089,0.570440418132915,0.646855835179362,0.651567667680052,0.751715247405052,0.689716568841439,0.54045728219078,0.802518489230986,0.651037452807574,0.66753172773591
"GP44",0.562247224649884,0.538098813222777,0.502544847506626,0.585026094818441,0.524532182373438,0.565201258827142,0.641761240986307,0.536750943962049,0.542528672209103,0.538825675594868,0.501369397624954,0.559337126518339,0.716099280325183,0.589070071835448,0.646682658920781,0.607217661897795,0.617968176976147,0.68457652484497
"GP45",0.507488687119047,0.555118319771631,0.550415811085013,0.515147970569408,0.610709505806335,0.5845997612942,0.565694310597651,0.503206637795634,0.556729738131455,0.580335368587883,0.569065924904598,0.532155774696394,0.559208119445675,0.575338049892462,0.540383040231813,0.547223220737268,0.59552445190278,0.637855174112085
"GP46",0.566022655377754,0.508312270076956,0.552829298110761,0.57641979508919,0.570631920448596,0.509752719494739,0.572990777033818,0.523579147705988,0.55905530525383,0.514746392169464,0.508997225224578,0.543494414457453,0.584291404300743,0.675234642042484,0.585025472646063,0.510293437425066,0.523437334819475,0.764322355407439
"GP47",0.597375873943313,0.563534371292013,0.523835808418348,0.501866995437836,0.509270543503466,0.578581702141001,0.539230721582053,0.583320052828864,0.587965486936712,0.553939299132683,0.539718137738189,0.630227778326169,0.688693325512421,0.621247140454253,0.593397813288459,0.623551697784409,0.614066131107737,0.636283568798634
"GP48",0.549307168789768,0.501384612031455,0.509060192607391,0.541299249979162,0.528996029861022,0.533540149439777,0.592383109054146,0.513165376382427,0.528125843631053,0.520989542569688,0.533288568964324,0.53298548263654,0.52404192697963,0.529109624006579,0.59489469161849,0.599275882942044,0.502625414205701,0.534243236862706
"GP49",0.63129411374514,0.513543082717723,0.518929263887494,0.684631953724994,0.529718113946428,0.600632569827933,0.497192702100732,0.545866185550767,0.565172817538344,0.535145963521304,0.561020023143033,0.64360057276745,0.906913725161948,0.594674610709487,0.691974532671429,0.602899503291591,0.633982466526852,0.921259945977127
"GP50",0.519039394957202,0.55731148653085,0.532131094240707,0.535460580127872,0.54673268606777,0.58170812053778,0.564776325045037,0.684332377212233,0.63397109836124,0.524166470705642,0.513578249330998,0.499002579881621,0.488005936053993,0.553332504804094,0.654691367637173,0.587077661064456,0.555881500418902,0.656691126575686
"GP51",0.525250757814433,0.514597040173934,0.545712709589528,0.541946820334683,0.60626806250658,0.505455306987766,0.594919286753206,0.497394157506273,0.504373285762964,0.621294707692639,0.57063168494494,0.54586989032348,0.783511696090553,0.737758027294003,0.690036143152027,0.55643745760795,0.509657479197336,0.664858557640998
"GP52",0.571263064811805,0.511966408002203,0.528848136414728,0.593874412106766,0.555543175976808,0.54756734790073,0.660930916031799,0.50575500999787,0.49694447471167,0.595873343497431,0.506289438939267,0.577765477982344,0.590251565670974,0.667027842942078,0.508686214543819,0.648689643352621,0.497112394543715,0.52829376982255
"GP53",0.539096129712548,0.513802608293555,0.561650810614989,0.56467229339019,0.588334955705003,0.527499215124953,0.56089710723627,0.619425445759307,0.60327722636187,0.557743384259666,0.50384275718735,0.55515480697381,0.57602723269369,0.569987856411084,0.654325582020197,0.511158180039835,0.515114033815145,0.83364422127762
"GP54",0.540559572872984,0.524789421772381,0.586128189206594,0.529271333220492,0.562066000946029,0.549917662175077,0.520553176531953,0.511874341853484,0.541861264678977,0.582596663968454,0.606618323793617,0.736817230908216,0.567502688081406,0.572572232421074,0.699280058107127,0.541375831994516,0.586237504427367,0.659118468439259
"GP55",0.519348334276137,0.524388006548421,0.556643407688735,0.523017559120184,0.522288509781207,0.509500358653301,0.501118144207029,0.569296673032167,0.579663041432309,0.526089523929898,0.564641107391497,0.567071727462083,0.670622057841568,0.59657626284553,0.68259449073655,0.57202204671898,0.549021596977712,0.74175235687817
"GP56",0.50382163157717,0.516358160551592,0.572589942015491,0.511244198547138,0.493972922038886,0.510831156458246,0.510955660243804,0.645005879053157,0.580399498380476,0.555471360745019,0.603491042493875,0.522482803131001,0.549419438434886,0.539015198939678,0.565206848300928,0.622581835047915,0.578513187029734,0.763634036359691
"GP57",0.53823376656067,0.509394115722557,0.550635249846896,0.513393187332001,0.523271111483802,0.491781161755612,0.648713173420349,0.537145103613496,0.55157000288912,0.598738976412699,0.533039845716026,0.602723347179084,0.68870059805363,0.633356283058927,0.586644029976271,0.612293921263476,0.490976632879247,0.576234937193006
"GP58",0.558597892254097,0.516436261627611,0.53301480750452,0.699262109517484,0.517204787776231,0.494078052363923,0.550457995262787,0.548454613811256,0.554075776072786,0.49138776135602,0.545774482259964,0.564650237830386,0.504248336784168,0.560373578845259,0.563681878921917,0.538240057567377,0.52223508989438,0.574174218467548
"GP59",0.574375970753677,0.508368532310383,0.521429280833926,0.5798649837112,0.545360418649119,0.537698829065891,0.592861522856486,0.534992098443689,0.504345692624477,0.503426410203163,0.502465659246996,0.528046356442648,0.537593074902001,0.52476385306157,0.498811485590924,0.559806090900303,0.506737196568248,0.437513642407235
"GP60",0.550525202336005,0.518665603803696,0.556142392608116,0.572506920006213,0.543581389612774,0.562107697613375,0.680467981098367,0.533313583567363,0.542635753055714,0.581553174359683,0.505869216144459,0.531270633734568,0.560883210949176,0.681856682339507,0.515183508424074,0.659347755959762,0.561550342509012,0.558482748156182
"GP61",0.531650925316803,0.541287168141744,0.511164227659433,0.602331093463653,0.504620991042171,0.590251967052546,0.550808640372767,0.532614053162081,0.588879445328912,0.526773176311313,0.510338105501044,0.526149216099775,0.58428592880278,0.51565860711116,0.53008575974303,0.572734660816349,0.552840535085891,0.717373825481452
"GP62",0.5569627839861,0.585353589359275,0.604711614892652,0.613012387661144,0.61427429938487,0.570052621223194,0.674468535649983,0.589354333781283,0.795397394964428,0.516499943315799,0.529171526301936,0.508321772193674,0.667943902357397,0.616431394775166,0.510994498671975,0.531831776888547,0.515303007705079,0.668532418174167
"GP63",0.612029200772568,0.61317514776715,0.601452632963944,0.544173308099682,0.602939258903229,0.646161870208046,0.568099116122854,0.643378473893072,0.553544617377838,0.72095889436897,0.713883272390267,0.818210577635615,0.717851460765496,0.621602146831072,0.757175093547581,0.558495085204132,0.80138444907634,0.573134534585701
"GP64",0.516141979018525,0.545208913667517,0.540655990627664,0.546489420742814,0.509562353605701,0.533775847902892,0.583919781093934,0.512958948825369,0.565557182650299,0.579354942774941,0.548317736887799,0.5604893489237,0.51808142476176,0.555919296587814,0.516675756136919,0.508696628866356,0.527785488889338,0.544821056120465
"GP65",0.557581905101398,0.528236237007264,0.564508740148954,0.578303647200674,0.557101868702105,0.539467957151877,0.63561776022462,0.564332325995999,0.574466559974024,0.602779629381798,0.520676949440909,0.512416528494912,0.665186653347331,0.649969349262169,0.565320507707714,0.633547923548868,0.532636869491046,0.589405396607825
"GP66",0.50380711351333,0.532851181210125,0.523919035063767,0.53563300927548,0.523754480552707,0.53722948324735,0.521480341994445,0.539497077372363,0.502772454182803,0.554927302668147,0.518453582028159,0.625692651254357,0.529795441875571,0.518068777744787,0.5662791049368,0.578732981427822,0.572946249550296,0.65196571459088
"GP67",0.568268142301703,0.51462930148428,0.564287070799635,0.590822091286473,0.603011193707493,0.505095904217136,0.617336047833771,0.553567775632152,0.5429641478967,0.559818550414432,0.494204101647771,0.617390579955497,0.599428247996463,0.623533522347465,0.630020383100666,0.501526270743092,0.514652321237392,0.862480296655337
"GP68",0.551467172916652,0.500524028001831,0.52174137362662,0.554147610546403,0.532756617614628,0.542417453793995,0.700178644429571,0.536247496840207,0.540680744230566,0.536827843131622,0.539122791526122,0.504677099106691,0.566659193104095,0.591769071627219,0.507024227018212,0.531557576193536,0.571138482797163,0.407828611947845
"GP69",0.592744550514179,0.557218135142999,0.587470268764017,0.640597508722536,0.549871342207751,0.630818435212132,0.692905980401823,0.560815487648075,0.581746466014785,0.521361158431474,0.54774453263532,0.724629234816234,0.515388428906376,0.519239577801555,0.544238873899528,0.580927290404349,0.651145900998788,0.535692351902265
"GP70",0.589145700935017,0.52251911842923,0.518635636843717,0.612582270271726,0.550160752073335,0.582031424191449,0.676938283330696,0.504881682069331,0.506679314031857,0.567642658958465,0.498676208214495,0.621824240972422,0.596045292995178,0.611824484307965,0.536159015296096,0.689457207893657,0.566016078450939,0.612653965823942
"GP71",0.520518313758385,0.504470417367385,0.5341774858444,0.533268364806904,0.524207905774445,0.566550400383573,0.582404336406806,0.582425250649505,0.56099289494473,0.498791684140278,0.503935919361388,0.636217543659693,0.519306053206701,0.526965237173324,0.636855822807102,0.636005380334241,0.554036353796876,0.729756363030657
"GP72",0.507211626709924,0.536702752104974,0.564315981092898,0.506689179133154,0.537774250600868,0.556119555064498,0.521117040538912,0.53665165650521,0.526158594835483,0.611718091529795,0.619688990448368,0.824220037280877,0.570221449149779,0.536174788368109,0.692073258791774,0.603503667949598,0.516525451982686,0.799499103786561
"GP73",0.52783762246119,0.545198637377487,0.533953037226941,0.524493367947179,0.533967785759469,0.585645996758877,0.634261477456288,0.53545325044423,0.539305437300587,0.606880270693088,0.56261393978455,0.574207210480874,0.605637512464098,0.623488405432182,0.569404877768933,0.638597282140131,0.611055483292728,0.728995990880622
"GP74",0.561392339504662,0.523686403842121,0.580638883471004,0.639413212189516,0.548896247858652,0.548316337076805,0.510615896914205,0.653314504493225,0.617207122714559,0.539563924578019,0.529137121939889,0.699642876962156,0.56300654831422,0.678297910549734,0.731458923780437,0.610419613519133,0.523782099518267,0.600088752468349
"GP75",0.514318497053891,0.533153245517679,0.509268384214196,0.517001183436899,0.516222801106992,0.509867959368122,0.508251009593913,0.542728572995578,0.553103028042935,0.540156190183643,0.516404189927011,0.600787504458134,0.507708152084367,0.495213086299483,0.510631288949304,0.526707486230778,0.498164869182785,0.481262590749822
"GP76",0.536565745767659,0.502785132564616,0.55043707619265,0.527000052705548,0.522605223495582,0.530873023487872,0.513503083196585,0.527375978197601,0.519646265901281,0.55891624186473,0.511480277411405,0.575832546907183,0.598893525545439,0.636399727240044,0.519228669415246,0.595139690601468,0.532012134402893,0.653152895411532
"GP77",0.552244504250516,0.539446039316507,0.528708729203051,0.546444979796594,0.499478343009158,0.516477602141866,0.602155121080358,0.509034070062658,0.520792648300486,0.49165425941531,0.532716763427568,0.51747283727266,0.844201751888695,0.543920781438456,0.531191273743919,0.580708275671401,0.517062602772667,0.494478401234905
"GP78",0.585552786232382,0.534521912961389,0.506410034803069,0.629412302682155,0.533549556965341,0.583316534646936,0.64850723825737,0.520439544262469,0.564001027005065,0.529788044775393,0.52395351781787,0.535964331983931,0.618652901049929,0.532567802229137,0.599363828287325,0.516389443242695,0.548106909994255,0.65525515063125
"GP79",0.513529142334609,0.551618938645217,0.533308070519752,0.574355292693409,0.558538156867182,0.544439651919809,0.684856980798502,0.669548345201155,0.503744272971049,0.661567123069412,0.66921847182573,0.546420954371845,0.626690327139861,0.668869891011226,0.640900683262139,0.674026016812561,0.530099068523186,0.664227033391528
"GP80",0.586014102990812,0.520157166413173,0.564513966950834,0.711166854479519,0.56264173992238,0.557383375784335,0.837084366323719,0.502467166085452,0.593862148703971,0.58815834317551,0.599873305816512,0.547556958328929,0.756944329398992,0.624858077975064,0.600628922890055,0.570970982822077,0.581461913065344,0.563290385445951
"GP81",0.526037926286846,0.486481902593531,0.509797053473773,0.539604913828752,0.540810982511988,0.599997127800577,0.575626716955072,0.560356591731414,0.551848259474757,0.537204659198951,0.52862607253661,0.587214179284294,0.499192697304912,0.533100493445568,0.618082440440363,0.625701030145805,0.583028061992414,0.771746791835623
"GP82",0.53475564946022,0.506595310586319,0.541513426103858,0.535721304580716,0.565314168647149,0.531474168043261,0.552428500420245,0.550587146214058,0.535959933544132,0.545702307996233,0.519947252456901,0.515424678626277,0.540815416421272,0.607794059851352,0.615731367593482,0.564792354998885,0.53698876213731,0.832773650265262
"GP83",0.506164253243331,0.514507164086351,0.516725880857417,0.499001959392581,0.529279865135514,0.52817979800819,0.535017253688851,0.501877003313195,0.509565106526586,0.537347722268298,0.560103908891189,0.497239204727308,0.65379615632597,0.510189359056802,0.506619929193677,0.54449888887667,0.490494475497721,0.709317017120243
"GP84",0.532180084571003,0.526140239929103,0.549756097198339,0.548895630059994,0.562326059645654,0.550066078695075,0.688796787914749,0.528811576695647,0.527213173405985,0.599806157517298,0.513083401034946,0.563757891452414,0.619749477930252,0.686485907814284,0.598147553555211,0.557289056704434,0.529109968006125,0.485915949632338
"GP85",0.533588506148077,0.509590758700463,0.523092700766725,0.537228413537478,0.549017555941176,0.589815426524452,0.582873208184706,0.533881691184262,0.548580230641457,0.53816943907187,0.550200338014768,0.768052073107681,0.513070890224277,0.52733089542687,0.605429596767976,0.601536604519068,0.569213108447816,0.755127531871844
"GP86",0.574527519550768,0.521827172113302,0.555085884783873,0.604165665934594,0.582098459148044,0.529513614500945,0.650900083811178,0.548590424130982,0.528555499597611,0.608287001141643,0.53610198834901,0.507658415340919,0.588212628593335,0.653147889502914,0.573573301249766,0.592768734420657,0.495051946436533,0.72911890499629
"GP87",0.557088056203905,0.507502685336561,0.522135351578779,0.553907581960029,0.520093156074445,0.554151605210014,0.648345440987003,0.520373558338723,0.512463205611212,0.599092125607005,0.528373664199838,0.625392742104417,0.587293581868318,0.642473952453468,0.523450053083239,0.651324419931699,0.519686036218852,0.713026480362775
"GP88",0.560609469626873,0.523788293070123,0.517952984948797,0.575383995391631,0.506313222317397,0.589106817331684,0.631923011590638,0.509695826848403,0.508471626566758,0.590603070386351,0.531629831223003,0.598021781673719,0.595923092367135,0.605535352612551,0.568767507361981,0.645861802782455,0.561159075514795,0.697158268029913
"GP89",0.588121503979989,0.550600254103752,0.536292611536832,0.587349871358993,0.532633603434464,0.629297132233067,0.626923494211899,0.596934794834464,0.496380122934749,0.602833703021317,0.555524402109836,0.514450783045196,0.566356253797055,0.593500102720946,0.613353571545619,0.644158775539299,0.672625533179892,0.689086201364687
"GP90",0.537883152032355,0.50889061788843,0.518245977567187,0.562219287862145,0.542539581432518,0.536508424703888,0.577884236288584,0.520819243344156,0.553362994103966,0.508513827614014,0.539681147473803,0.51551993250649,0.521446037266708,0.549417325863276,0.552360550154022,0.56629821545548,0.55686809551098,0.647802316803928
"GP91",0.568186805633728,0.531277199059394,0.544284111249169,0.588489617355403,0.535963899043776,0.567104091620648,0.680101142741501,0.535404446776247,0.531801837453872,0.600007865787543,0.513061526083028,0.559453047720849,0.547260803934513,0.661833577355195,0.52370909525639,0.613441515754695,0.565657193337724,0.627998309718989
"GP92",0.515160385679081,0.525732449998802,0.513142161486494,0.52186847936601,0.506093605815404,0.510424579832387,0.532765039707339,0.515221092121494,0.532955250828635,0.521066657706581,0.555904048484002,0.537350405434923,0.571179576925129,0.504891608464997,0.523084879888085,0.568846754860851,0.5265391495564,0.545586090530061
"GP93",0.566144643169002,0.559869322391555,0.575732557325303,0.601055343564711,0.534505570087921,0.593257945778756,0.675611151124317,0.571754661869138,0.568305844149819,0.579304629669563,0.537037781366849,0.706021925837276,0.61647354655657,0.61357295391718,0.534524427858748,0.63089648636932,0.596507541543564,0.640080767289248
"GP94",0.585193879251416,0.546304276558718,0.536338281957933,0.628004470730659,0.556947397888299,0.564852479437571,0.680815862452176,0.544004976197379,0.530502960598255,0.60503821712549,0.532889508645487,0.504247490539376,0.52658632591964,0.586364536345754,0.565563637809066,0.599793636674077,0.55668809452596,0.700909267766707
"GP95",0.511630314975217,0.511104864630067,0.536519325966858,0.499968571519455,0.534067657781628,0.504909783424217,0.509365032964399,0.506255378545286,0.521037745828689,0.528508387826405,0.538638257323738,0.525167079472498,0.712276668147914,0.635171394314634,0.637585505929596,0.601269432383515,0.538160282245369,0.60599286843824
"GP96",0.564283307940344,0.504834486153205,0.529140494447859,0.596052042990081,0.594921115314445,0.520868795595186,0.547318275176325,0.533981744578558,0.526120085443154,0.570323181552647,0.56730903765762,0.656288758906217,0.519917641018733,0.549194452946054,0.583018602654235,0.577203151565706,0.548488145641989,0.873701507732358
"GP97",0.512475766898875,0.52440616180602,0.513571770324474,0.510696336500078,0.506269731321535,0.498357521124598,0.519200343023719,0.524874274921531,0.533836442160397,0.53339049441104,0.540730245210608,0.578000469023844,0.578551091345038,0.515329859632984,0.526995397512906,0.509699899679925,0.500837207452779,0.746193371029823
"GP98",0.527328634552851,0.511829239344461,0.538323273281147,0.59914725228799,0.593236366945053,0.507689841652,0.640678496025445,0.536280096126699,0.514344828366882,0.512580893879379,0.51924794023532,0.574315489857553,0.536304184865554,0.567523527501265,0.633880090143462,0.609463995666103,0.499184282930489,0.742039721603765
"GP99",0.548656211742825,0.510217500779158,0.500974127274739,0.540541206195479,0.532680428393085,0.511717901205205,0.531723541157709,0.604800054494775,0.499654963919123,0.555266965538484,0.539237282885117,0.507598649050432,0.498212465053963,0.513013668215553,0.505976236632321,0.491633965649222,0.562572712926155,0.625235709008884
"GP100",0.563953799776119,0.592239271030107,0.598527261373454,0.602916299457597,0.612648955693836,0.528050017405631,0.700136647293028,0.740401412206164,0.796923244466915,0.543904802747177,0.517762272931087,0.5203099652237,0.612804421277139,0.633703618885978,0.53007616437785,0.59153084760201,0.518875173510728,0.608871177953785
"GP101",0.50780862807095,0.513556443018306,0.51663135824267,0.554468299517036,0.521849176367176,0.503480316231129,0.674380735437351,0.500697051677934,0.528722513954463,0.600926727616715,0.582023082416905,0.516185392731905,0.544574122197274,0.530499019750182,0.625771173055243,0.664373660797393,0.546330272677593,0.675241833522578
"GP102",0.528024148485573,0.542527224156796,0.511955127873086,0.500968497267322,0.509183290841185,0.508310648624631,0.539895870322903,0.490371220406601,0.528543629417695,0.590477136290714,0.58785493607134,0.63735188161718,0.512579501825933,0.518931355036624,0.528269053309645,0.534924214137271,0.545483830791046,0.516786465545266
"GP103",0.524613412205917,0.529542477512457,0.506020959752117,0.527018293375795,0.516996976876182,0.515524888160711,0.524501303451069,0.508704579691214,0.54114399595046,0.540201829314208,0.549370548955474,0.635634218370475,0.532499953150323,0.504616611015979,0.500142247793132,0.528033162783713,0.513156712751659,0.58814701036844
"GP104",0.509513249343574,0.51947769607527,0.51390169550651,0.513671430272998,0.507893756061138,0.504910074509075,0.527723222184375,0.514843540959042,0.558810270914056,0.501566092833845,0.521635916647584,0.554136475638243,0.51217840261727,0.527393196171419,0.512626329984134,0.530014611220502,0.497308787707115,0.535593596767952
"GP105",0.560930257307015,0.515164751771258,0.540273870808076,0.592397520378124,0.567661149555231,0.525599371018867,0.65379210326991,0.523351557763683,0.532775887375039,0.598598608995679,0.519471426749342,0.563109653513891,0.580618155946036,0.653368238030223,0.527181168340771,0.610147049458381,0.516647675991903,0.612618363114576
"GP106",0.526548421542587,0.52386149830426,0.516776028120845,0.510043890300949,0.509264648647985,0.518113786341012,0.521284065031495,0.526743917822837,0.554856619794954,0.499636870398637,0.521258027003522,0.681222058141279,0.50081202478478,0.524775748406327,0.506970072404208,0.560385593946175,0.520611498941371,0.523727722346337
"GP107",0.576924285540051,0.514126541014749,0.556635985897584,0.609532623085448,0.585660834852686,0.517422334938399,0.610098989926268,0.601221429427172,0.574331538786139,0.513569135144751,0.518563282553503,0.640913463134811,0.539616908379557,0.623468210312871,0.607448283005305,0.570043784674577,0.55062698112796,0.79522381177017
"GP108",0.582639969718898,0.532502358288776,0.51766367189107,0.566412248119143,0.491067466395716,0.551720829891847,0.708805752797874,0.5318213496222,0.522438088338338,0.576286964447127,0.503485466214935,0.569353347949872,0.55546320196909,0.562096714666081,0.514816777162431,0.618870539864773,0.589164586806652,0.734272397177046
"GP109",0.550184414639259,0.540378258544916,0.636745587372926,0.572151213005407,0.52920828010746,0.675900016270481,0.579482334134079,0.547212746976485,0.52387392549463,0.642353382925731,0.67582763236427,0.542782107145443,0.732157471467484,0.696190846184638,0.690382751658106,0.651692959700493,0.663034009094237,0.788260091354857
"GP110",0.585009001955102,0.547082421346062,0.571672095653336,0.589671366933468,0.517129843289998,0.57601449586373,0.767445906292327,0.612517725419351,0.576466229866233,0.562973204500066,0.522157354480341,0.534067758427737,0.504352248911541,0.583066151255661,0.525452576650662,0.550908481104873,0.631363735240836,0.715649213286085
"GP111",0.52468820491311,0.518621499288923,0.529402658202404,0.533208859454272,0.544617555446984,0.530939227319706,0.536440932567288,0.565140230786378,0.571780642297279,0.551080748433237,0.513476700601784,0.698394462668713,0.640691917028735,0.52779137560838,0.515974445532293,0.602996098342393,0.544452195928628,0.615684858379627
"GP112",0.534053847296534,0.501629891930824,0.506735161480312,0.572578073888534,0.558812295674562,0.527731233810601,0.515594055648278,0.534739451639876,0.548878930161178,0.54434579935257,0.526165040967094,0.511049836579328,0.519848162939723,0.613224071245864,0.533905295273777,0.536664057243906,0.538359630470448,0.813749512052152
"GP113",0.508086638278125,0.491802811934377,0.526219044570821,0.518501218426881,0.546993325574023,0.572055879643844,0.543806518045135,0.560680247251705,0.547302260482964,0.516756244701365,0.529039724537724,0.623165854905633,0.507223818557204,0.531338147182599,0.612345081232286,0.622853561174345,0.56723231088235,0.745983993191408
"GP114",0.566141531627471,0.50828355483453,0.510731740858999,0.611332235850592,0.564417748275308,0.53920088584933,0.695494496223826,0.566895137354688,0.5017214374192,0.557918877087684,0.520278030688063,0.611231697037565,0.530551921994109,0.65647140238519,0.503480550972678,0.590529616976355,0.501562085583281,0.47653209266368
"GP115",0.564713328425114,0.532701125427568,0.574016855624713,0.593603088963017,0.575535289247965,0.528799881187648,0.620261769763587,0.581706512509405,0.582763814210634,0.603786970098932,0.532631625694927,0.542771265624162,0.675933322082211,0.630966195183042,0.599535322286832,0.609968930964738,0.520602743619888,0.678327825509426
"GP116",0.512733522526454,0.521662105825283,0.509208196029931,0.509460157647633,0.553021075060058,0.526734333580544,0.519899762884599,0.507749451838465,0.505602543075077,0.535256382635373,0.515190194319547,0.534810431055074,0.540270466010031,0.503083298829592,0.518565780221762,0.516698273885564,0.546783119534389,0.48949614113253
"GP117",0.540490059673884,0.534529376139747,0.530964989310958,0.586638838509041,0.546144104035424,0.502837890599662,0.606562969081242,0.559301571907748,0.511166354978827,0.58134960761246,0.550812401858625,0.595060635017114,0.517644241262205,0.586195979010919,0.548795259567819,0.53870540817608,0.587913700730282,0.583866208408935
"GP118",0.60899573540305,0.540711476691985,0.554017323303604,0.637225074002536,0.570570247201717,0.511229124053501,0.611024971892386,0.588409441488448,0.579303940350498,0.531790072920925,0.545074209685306,0.51121583314406,0.624613708680783,0.5842669818144,0.612975799893845,0.573634341649128,0.521796072983485,0.832014549640561
"GP119",0.559246926951787,0.519258763549879,0.568233508990029,0.590079283538897,0.592516272899433,0.519661201280449,0.582214548971621,0.581479545749189,0.577969030555255,0.527269555704974,0.549309602609777,0.588734503786874,0.679303109734234,0.602925882518849,0.693767068645051,0.527482326059492,0.549615573485883,0.957938365776302
"GP120",0.549676486016339,0.55921740282881,0.59056797554939,0.497737301898537,0.532703133287171,0.568903780913915,0.58363790785764,0.657879941418534,0.607571472454125,0.580863326401306,0.559873015032313,0.612352771223393,0.6032113935606,0.66300472198744,0.716905863671595,0.511243540044837,0.509319496563388,0.77753816589252
"GP121",0.544778642525019,0.529368770470799,0.572365732459963,0.552760041300717,0.502668320033026,0.540416122155098,0.604421153163335,0.689789396634283,0.643364406985805,0.564165768846767,0.539736925021048,0.612892190294234,0.781217271771737,0.567181431468709,0.661866092210821,0.615028409224344,0.595460690310769,0.617695987617038
"GP122",0.527760541409673,0.508686414124302,0.548605740140214,0.573358860092776,0.548307936496863,0.528754402219272,0.540149156211076,0.513356812978626,0.534347641317509,0.523898624711238,0.528985393805843,0.509645419791984,0.546435022066561,0.580639208785189,0.511935969427205,0.576086159893181,0.540864243533954,0.456053329467896
"GP123",0.57337085571603,0.522112100233041,0.569144596869962,0.579672860241837,0.552370770187002,0.536912018318075,0.693334611944226,0.582498645576871,0.564337401791729,0.540275058623928,0.522471610211215,0.506704253248899,0.51703333852018,0.605638751473603,0.56135899200627,0.545585098373321,0.562729024113121,0.633484517695607
"GP124",0.527965486982034,0.513485563480716,0.516226887997727,0.541375560182189,0.520629424647777,0.56825505979537,0.595045403849879,0.514746753368327,0.507655114072367,0.590415668619152,0.50797760600922,0.574475305717919,0.569547319170718,0.657492188511371,0.553091104468121,0.696711513584137,0.544467283142338,0.68341011227145
"GP125",0.515847836440869,0.508587385173401,0.535142231403849,0.541889749374673,0.539912563718305,0.546986705232933,0.516880220672478,0.583265168880306,0.575334275301069,0.539916903373802,0.508111338044857,0.538400461731596,0.530815199797411,0.595371994022784,0.562368484258047,0.618402123369289,0.514879543722185,0.522155269349331
"GP126",0.525745127895132,0.533324959088434,0.581063151198624,0.514463237184019,0.521279247727242,0.563349841565512,0.566963245626707,0.535954848884051,0.556468313018143,0.564036627031633,0.587284751711152,0.6982458229425,0.724193412831849,0.61948199638822,0.617811464894335,0.700356869781834,0.580448690262965,0.534380137757056
"GP127",0.539193642507056,0.547774566310766,0.600185542114228,0.622439967057872,0.499944425659277,0.573485104131081,0.637442816938775,0.784554806493064,0.560402257734353,0.631994136591205,0.488485325878763,0.549631048830647,0.806213373031577,0.555075124120956,0.540898457887395,0.70693753232703,0.564161217211021,0.744500123126036
"GP128",0.511033924254217,0.538932613724983,0.498920297786114,0.52354777339958,0.522015135137929,0.508229027295489,0.528867946483476,0.552012190148848,0.554104679394283,0.532659840582486,0.516857468380839,0.518207676683309,0.539118896231673,0.505921664420609,0.504582420405453,0.511065121688409,0.503932757287451,0.509231909691185
"GP129",0.534625719070271,0.503290614311722,0.517975483628787,0.518369859299406,0.520665642114578,0.52554000295139,0.499571353171335,0.535986459864146,0.510579203234578,0.516502630905791,0.535861648376368,0.502238709277075,0.540177293958016,0.519639397717421,0.527413134568867,0.555488176107765,0.538676072344669,0.587614241253283
"GP130",0.53311950018711,0.527707971119352,0.572144866360863,0.541836188279076,0.505803563453847,0.541976243745865,0.649640001226298,0.562095719988103,0.562772914995144,0.617697093060587,0.566145044360851,0.54545428604345,0.665642477163065,0.587204146932916,0.563984229169288,0.61326749725407,0.553254558305902,0.67505195240596
"GP131",0.509410209284479,0.525236054287568,0.511560423995466,0.533907114436282,0.506377884814983,0.518420974920756,0.500222222505301,0.512248170944234,0.533043389633141,0.550090344719098,0.523673486075386,0.509023860646936,0.505143258414539,0.527272542318775,0.502060769694896,0.519803375432611,0.538496593881436,0.581140058091753
"GP132",0.520141860016841,0.529476792062998,0.516296357391085,0.510243527213128,0.526188689675407,0.539201798563873,0.527026052461262,0.526836578685287,0.50354874300089,0.545166196983949,0.569522669812165,0.553009427552933,0.553857144767722,0.513158180174652,0.524954213739767,0.514937151731096,0.555855551718965,0.669601770980487
"GP133",0.518920949850458,0.530515026148645,0.523112060786319,0.52619049066543,0.537775226761135,0.547377591925517,0.545352621538734,0.517293742490666,0.51842647150914,0.517635848846422,0.542476706040323,0.526428771346,0.576042731137077,0.511773870664733,0.507493530082374,0.54964247444348,0.549178934986982,0.574079701751017
"GP134",0.567052295391276,0.525641815090057,0.578487951086842,0.593490949017947,0.552173213160787,0.545231900305734,0.702202861435385,0.588142333016757,0.572672790864821,0.556456755788526,0.521263298013712,0.506635527554256,0.50789892552034,0.6382151643443,0.566034717305095,0.534733725603178,0.565798034128336,0.665732095545805
"GP135",0.567505222850325,0.527000804140664,0.527676946702725,0.582491075929191,0.552013919870784,0.52072017096438,0.667989954208304,0.506172806094909,0.550421265934648,0.554832213973565,0.626453744309792,0.563797939988993,0.739371129559053,0.712228804679203,0.626844269557958,0.641187213819507,0.618845742939967,0.360168027834537
"GP136",0.572157785078534,0.534052484484778,0.562908873226407,0.609813595012894,0.574482332933281,0.534783744221547,0.671907337397271,0.591346906624671,0.572013145694876,0.584660711728589,0.530950168525021,0.526373183220655,0.631659156775136,0.644306618331616,0.604712464433983,0.610168457419188,0.508326682658156,0.72840600312541
"GP137",0.568044431216841,0.512034896459241,0.53879466477293,0.560155911832674,0.555194428314686,0.516775699252315,0.643060319844651,0.506434661169043,0.531090798075155,0.589368182053738,0.517785707021966,0.541581686356976,0.64663459983328,0.662057027061804,0.545159428792505,0.661588075657656,0.514555147190636,0.626742466530275
"GP138",0.576142998659016,0.509406992626245,0.534900528227746,0.581609601789853,0.552520491169096,0.529455182391555,0.63552901634008,0.543875477861173,0.52078236679014,0.558130794234104,0.503905126025298,0.576324937134342,0.619857775518089,0.642740238135513,0.526695858776537,0.613957531964056,0.526745974934281,0.603140837112943
"GP139",0.519246872352012,0.523990892195312,0.514713703940077,0.51272452547013,0.504464588688345,0.530064498404304,0.506454857502739,0.531382950631145,0.534285021012387,0.519524809510059,0.501787622918157,0.574763289547688,0.547645473274557,0.526191567845541,0.511413808321851,0.499298096889174,0.560249706463337,0.557276918297292
"GP140",0.572214177490412,0.513328301608457,0.543353573128544,0.572328876858712,0.564518852285067,0.521139635865546,0.647106103558141,0.525591597038189,0.541477029851459,0.584729868470045,0.51070876899379,0.561740942360553,0.638499066993708,0.668635763210189,0.554646869267346,0.641219842813834,0.5025149129058,0.561830250520161
"GP141",0.523637407000591,0.499411295982546,0.519679119949404,0.51087173424702,0.540560173585743,0.534997655915536,0.552456366936189,0.52275593734388,0.523367196227905,0.517875551629126,0.508941056594449,0.494939947700605,0.514683518866884,0.577245499885459,0.594339830638109,0.500225281024395,0.513772061740746,0.686648687298437
"GP142",0.576963806590335,0.525214388306863,0.537853026046559,0.579048231427041,0.54813956788502,0.549633601462938,0.646512166378393,0.530768505170724,0.52967551326519,0.59384105152841,0.524308873052993,0.549511973532523,0.629977941825684,0.65487560593036,0.500282151903791,0.665437159191233,0.53359256559216,0.532953486331739
"GP143",0.508389984212215,0.515791064835697,0.535572684792315,0.517931139621639,0.5455943450669,0.550011473121813,0.547897140781123,0.549131732721818,0.546798624590062,0.508760839665303,0.555055228910705,0.518865094639273,0.5803255880252,0.608072686579044,0.635580186740543,0.543815114853219,0.533347574686987,0.81692112007819
"GP144",0.572948745547717,0.532541293878117,0.530187901292043,0.57422820610516,0.540797482686983,0.537551872024286,0.624743184768701,0.507944321701274,0.543762552855601,0.601249800164425,0.560312998307849,0.565300834757544,0.613444710316477,0.605326165334416,0.529768351818128,0.65085248635403,0.496177222562502,0.61370085501602
"GP145",0.593527989998539,0.528220713104727,0.556230645735798,0.597318157107575,0.550561728500781,0.54804719115275,0.69127604500921,0.545166597494278,0.532563643445877,0.606471361959817,0.519779585030725,0.518141854606313,0.630010154458617,0.675015761706341,0.526477231449829,0.631096584524778,0.517758887975027,0.55861074837319
"GP146",0.544038468831174,0.51544398204174,0.545997667840553,0.549273997752933,0.530524259575561,0.515796390601824,0.624941635098413,0.561870632657218,0.576577541383085,0.584384700332871,0.524477177252838,0.636560755633012,0.64000607336497,0.604413208860486,0.537553640519026,0.6273105562495,0.518543440773281,0.490036963241474
"GP147",0.577048743895275,0.525445885757492,0.555841087178628,0.5874737404477,0.563336467421893,0.536133694166843,0.64859162861449,0.578634903996913,0.55555955571034,0.587925761612892,0.512313200326345,0.52893186605666,0.618773586424607,0.625367431693642,0.532043370409591,0.587693713740494,0.533180891844475,0.587034849542527
"GP148",0.551231177076883,0.520363935797252,0.567677149686875,0.588912398132598,0.574772169585215,0.514023770578645,0.642687687654789,0.58813709828721,0.598026709647211,0.579670032304411,0.50124320712124,0.525400389742623,0.608192793218088,0.613832864952885,0.609935989475962,0.510644814953779,0.533298809202321,0.799957276748761
"GP149",0.500988532563236,0.540318256939429,0.503723208863389,0.544237002405648,0.60767351011913,0.520412745354534,0.604270509429118,0.611983681429588,0.606931326966554,0.543836235427719,0.587023779725066,0.565709633422797,0.50604147378051,0.602648802635421,0.68223989305388,0.519496879235527,0.584184012023039,0.529197400493606
"GP150",0.577266851677254,0.542104905245355,0.587766830471518,0.630322642558638,0.615463949395048,0.494933272377588,0.653616826234011,0.647049294770059,0.577925307974561,0.559309946778952,0.506746236045877,0.74994092661827,0.557300463548402,0.618710866431893,0.61698409254656,0.535762812640722,0.519514624420182,0.780756820355934
"GP151",0.542875341157849,0.524784298998068,0.544368942636434,0.575318021234067,0.562871712978392,0.57700881633059,0.587981336153479,0.566073606015337,0.593062293651632,0.505245251003261,0.543359652309552,0.532767960506392,0.545950523177672,0.582698874995523,0.542707101145111,0.543062857214344,0.544552625688061,0.778196392174015
"GP152",0.552109189921362,0.549898913791732,0.566058170972659,0.58085886564195,0.56896487795004,0.553469288250226,0.694221148560471,0.579528596527812,0.545784189352206,0.648095528113585,0.681993477907192,0.511640939851631,0.6832543885205,0.741236550451296,0.567457832627251,0.601811116286687,0.526903280252444,0.483926436325614
"GP153",0.52103685332134,0.566872889237348,0.563874401892202,0.603595990570583,0.552547934194941,0.54579236757666,0.733177871369332,0.627838095938208,0.60230019314627,0.65104853668444,0.532177506590539,0.559041839971368,0.626066675514981,0.703115663455887,0.665063964660499,0.553709280777824,0.570338850823995,0.598037358262012
"GP154",0.513081912885989,0.506178593632796,0.530688498627126,0.559675326397097,0.504733589120793,0.531716407131768,0.624050803382238,0.529682694112212,0.516830307866962,0.54550740346443,0.515933647254553,0.57121940076595,0.569936188361126,0.525016752735379,0.521848252231494,0.496055296670282,0.52217344143407,0.657553644594259
"GP155",0.515506528727744,0.517045160037037,0.541736860120313,0.528291144144565,0.553821286717449,0.524867227466735,0.535681040933298,0.523251709717494,0.572328307658872,0.520872014220084,0.507069182507505,0.587920928554471,0.548600635506711,0.511085596129285,0.599580074024057,0.639063835002425,0.504216104507359,0.653606829955951
"GP156",0.574223146807972,0.54346331625611,0.553567260495224,0.626285733072638,0.571665417645739,0.548241409348013,0.641016265347089,0.596287902725982,0.5700529562763,0.54668204589596,0.508814280149641,0.542827730743512,0.591363538065448,0.649474175573581,0.575801635502302,0.573567704852158,0.531376558193466,0.877989091160313
"GP157",0.555994687930403,0.509442882787837,0.552279432115471,0.556801235585207,0.576933167863982,0.520026809266715,0.619288911286094,0.515520489112221,0.530458508443767,0.53868378940841,0.527687971282546,0.561311860760342,0.649836181706497,0.618376542074516,0.631376423932887,0.614665182911982,0.526353978017321,0.521035055529631
"GP158",0.523483436646304,0.527902463408255,0.520369039678738,0.509843691320093,0.507743181157093,0.515590040627554,0.514401221745999,0.538770731469245,0.540813101592516,0.528834030079708,0.519039444411968,0.628630136092473,0.501844395756628,0.528134827470534,0.523216007163249,0.569706066316039,0.542367966917029,0.498559573716894
"GP159",0.578967067979428,0.539390379232308,0.540310161858676,0.634723279204504,0.571087814709694,0.548934025900877,0.602066961470722,0.605488308324073,0.570123317497566,0.525054202119351,0.532991617352919,0.512322471128674,0.548582709789419,0.617572879698618,0.543423259687548,0.541103105391321,0.530660050594043,0.789328596477622
"GP160",0.548862695778001,0.517201767679135,0.567012793437063,0.579029014473594,0.584162907318206,0.517788350227246,0.61938396533959,0.574411980027002,0.573402683269062,0.522994996989345,0.494973682800188,0.576005128794532,0.661356739943656,0.668425605877175,0.664719202045546,0.550746406671397,0.494972161914871,0.811976158052295
"GP161",0.609195961739265,0.542046495209808,0.547344414274822,0.668415113350594,0.616124668623385,0.570679274217612,0.683436509996918,0.581874315954366,0.571469951462659,0.530797393013738,0.509586480819489,0.48171753155952,0.557294945022643,0.588672637730227,0.499066830988022,0.649004084512251,0.565241155059332,0.650302559453347
"GP162",0.560900845849637,0.554159608669035,0.580477603957834,0.613964772354988,0.545618739818394,0.560370728322962,0.66233778885409,0.565661044098785,0.554634854903959,0.57967767757622,0.578251908155155,0.680993819728833,0.642624373810157,0.694442282940783,0.616027135554719,0.536793483065863,0.523087679316749,0.747920526275859
"GP163",0.577876305427486,0.516927670911247,0.542640938518984,0.635460915400166,0.681888932458602,0.6181337368701,0.743502326186921,0.575008687034782,0.541386404015191,0.495676650107994,0.583266334631559,0.587656944367319,0.697197582097043,0.586683628219779,0.712029130998435,0.538872171118317,0.567148557874701,0.61709625150093
"GP164",0.523711964397456,0.525533920169614,0.526029846823439,0.544982390171042,0.533236893704883,0.501851717535795,0.516791846375784,0.52488182009181,0.534838395157866,0.539685647738305,0.513637057975564,0.593735960138019,0.501104253545341,0.555321222174463,0.525465498796502,0.536816690203373,0.521622670242824,0.879088960574662
"GP165",0.523969953974064,0.53831254346753,0.510717744971333,0.504777224330831,0.513083325970294,0.507870281019862,0.519763827931381,0.49475117528175,0.519485119204804,0.548574700416055,0.566575214216265,0.680844489903712,0.548247252436462,0.496314031168889,0.518173446186904,0.569570828200495,0.545253432445623,0.772967456156748
"GP166",0.705413233454702,0.534887261260675,0.537446754896826,0.584599249166521,0.544414780590932,0.606551909592341,0.587787379984797,0.552140400941443,0.551023323572004,0.629647921516358,0.516928810261643,0.714929520232247,0.508352900828209,0.529802786270273,0.879097864394719,0.590193473598046,0.605243425751449,0.901279620712469
"GP167",0.550296330759514,0.583960738377613,0.575411483563133,0.589466480455877,0.550085987452054,0.610059609962508,0.578506395984333,0.57833492500353,0.587087391361444,0.587285706194586,0.611208225016903,0.569900358750952,0.53684700076064,0.651551636111037,0.54630643357736,0.533962840039773,0.64428843224117,0.707779319149046
"GP168",0.522984376694632,0.544189400902657,0.543871306663699,0.541801426950459,0.540594434890235,0.576253468693648,0.514420818054502,0.539929934160768,0.537451525959182,0.509866270226442,0.594187594725207,0.543684083437819,0.508234315378714,0.549648049108777,0.522848801490336,0.579108378806264,0.610085808260014,0.872421505562288
"GP169",0.546708660365659,0.503609027624253,0.523603813149706,0.537655757732798,0.573510939785768,0.529784937750544,0.523694253359092,0.540318267196948,0.538927031820098,0.513330655222031,0.503633859895964,0.568378761306506,0.615082118751176,0.585150533265758,0.600459327443594,0.563296762740797,0.546924792072503,0.759983487124325
"GP170",0.512712986157879,0.559821744058967,0.573277061160419,0.573106877981085,0.574363294292409,0.561226634561746,0.52613613656203,0.539056253736282,0.667685098310573,0.509070291879976,0.786843323533305,0.562205128768778,0.549305856864962,0.620904385233826,0.672261213554898,0.537135702168616,0.578642486787836,0.603458294604792
"GP171",0.577487648220058,0.637664963822683,0.625931863352925,0.523167206468991,0.534272558711249,0.564185719976908,0.533811269524909,0.661815436788181,0.865249637532014,0.665727952755942,0.605877671022991,0.788178959008828,0.557267202218401,0.668021636074032,0.501228343164658,0.598286716889143,0.55776901900259,0.773880411346922
"GP172",0.570777782182619,0.51518472194213,0.501935672356618,0.547012792495473,0.622411409144667,0.545721169625984,0.596501357802223,0.536976483168581,0.511783580888996,0.530537321942192,0.51977781463595,0.519191807500544,0.633142918856046,0.659481778556591,0.54178165368729,0.649238224099823,0.576888120153644,0.527044284260509
"GP173",0.54331798380531,0.513417274491705,0.52260251696082,0.554107118197647,0.628538836992442,0.539093662025886,0.516550259573467,0.503659309578233,0.561330615559158,0.55487702268371,0.536173122526814,0.742625539727392,0.61781512961317,0.571024800130867,0.552701836174229,0.696739473686895,0.570688775358451,0.742229602720387
"GP174",0.584897885889963,0.524296771987213,0.496737842160719,0.499575148335933,0.511830817874701,0.541151236016035,0.627416109291338,0.591274467609214,0.534563143691926,0.557017538632894,0.614111070107988,0.556929384915701,0.511266469821193,0.510982197268233,0.516959227993599,0.53819740979312,0.496128611958653,0.541860097458178
"GP175",0.520248494489819,0.520931339590403,0.508911524117331,0.507079205386089,0.51431989628498,0.510047792241629,0.511954071916258,0.522484043272993,0.536559591450783,0.516796484682843,0.509181696096679,0.612832083289488,0.511371160667306,0.502415871110554,0.510491865605665,0.51378127598262,0.520826625180759,0.490958395267213
"GP176",0.532145021192905,0.565540332489703,0.607897123273889,0.537820311975049,0.596996724366746,0.518900976553209,0.534923066536258,0.730509812567247,0.679652734799083,0.550334369130822,0.593480531355651,0.627567504517421,0.677782552981956,0.515713072508973,0.627120354218281,0.731131176359235,0.565028158029239,0.779222089277184
"GP177",0.499750130477195,0.574572459835441,0.547234049090936,0.508103900790978,0.553368444747105,0.596830966185507,0.564833497023722,0.552254284036582,0.547785129207942,0.661315616375771,0.654603789175006,0.91118866739573,0.611717492747311,0.545045434598893,0.525075552707369,0.617038005528438,0.631888877140336,0.758062212343885
"GP178",0.568036018191955,0.524292955137448,0.509847828501255,0.557421530564458,0.506734339428309,0.5640192629526,0.608406018744864,0.521532953749993,0.504430686684778,0.582709520522255,0.531031690312423,0.596065316909181,0.633739851063283,0.614894108734627,0.582939971596548,0.652143984154511,0.558572870272203,0.709984991762637
"GP179",0.518397312221177,0.528961494054608,0.510524424711266,0.518915184421819,0.505405165032488,0.516428849617509,0.50765764378067,0.51126969215663,0.531212703899373,0.537619854591772,0.51669362132338,0.539060521587846,0.529826216873908,0.550045820298705,0.512344355360344,0.584104902695984,0.538162180473238,0.488584881309467
"GP180",0.509240062998129,0.520958863291278,0.531042007753579,0.498189846311088,0.522142459615746,0.527558157781506,0.572928803810084,0.598453028924685,0.518523474611411,0.50776238843425,0.542880280893163,0.504269382634701,0.625983410823919,0.526929772116806,0.513395332040337,0.717172726310619,0.526665202176542,0.551430868651009
"GP181",0.584726908433082,0.506116391012908,0.531631680065006,0.575550270388746,0.548666927380622,0.523271105679209,0.655656031929265,0.533421311160829,0.5047670915884,0.594388634152722,0.500083773451889,0.575241071771439,0.681548105239618,0.642135354611089,0.534764459532424,0.756723750339784,0.523152149394713,0.578811471362495
"GP182",0.569373658227813,0.50888800877017,0.500537506237673,0.538695376005323,0.535015255669274,0.530441960328134,0.598133213828734,0.566234863028538,0.569865737061828,0.528332947730411,0.517760344299423,0.72325897423189,0.623398127040874,0.513398000961845,0.507423332649732,0.635013033493866,0.544360855368702,0.757276833528939
"GP183",0.547736419841268,0.514731248957102,0.550948761397008,0.572838860380683,0.508859457792653,0.583310379972497,0.587930023229174,0.506165473959565,0.512999538323416,0.575356180386817,0.491957281560191,0.569332218206715,0.676551408778806,0.533456091593316,0.520185348116074,0.718040618885847,0.579411379474133,0.63591864102763
"GP184",0.577006236737478,0.534583688790699,0.562435965188831,0.578525886852102,0.534659409977389,0.57347014231536,0.657297551590922,0.575585080502698,0.555873803014677,0.603093825081679,0.565898643560036,0.594931832503531,0.661412773945617,0.600261314057162,0.537347214868602,0.63837617957752,0.572455494407704,0.593803602739884
"GP185",0.565812437103798,0.503584846114921,0.504179525651249,0.54684981598334,0.512290867540042,0.564027232245175,0.574239879326851,0.551176161452777,0.60208709974732,0.567586311522807,0.531748467623297,0.562535267076792,0.59763267360203,0.563090024643289,0.515532454029885,0.687619416150009,0.50696818710503,0.520941810338434
"GP186",0.572528618987131,0.498651501473469,0.521337431811927,0.544646338485243,0.567486863735758,0.525067442496551,0.59884332048523,0.530749469840466,0.536494483542058,0.564475904398737,0.555945948191384,0.512902722924803,0.641642442383107,0.66311495243188,0.573933647707478,0.597182235379865,0.508514789429883,0.600469362385144
"GP187",0.543042754732849,0.519742343059997,0.504393579071519,0.516874436764604,0.569074522750945,0.55570051800672,0.501431840043875,0.498934451144325,0.49856018835823,0.496008413851946,0.517311712926907,0.535230551966626,0.531013102348605,0.573842034256166,0.595672786481714,0.544445381585706,0.565626985683278,0.758134265446174
"GP188",0.573817232991213,0.522414353241328,0.561127207539223,0.60864956973002,0.602407077280683,0.503689030290123,0.604770512189138,0.581621392424761,0.541686279716517,0.534055008772228,0.531934992842035,0.611445574071061,0.579530721206843,0.612804333369224,0.649794672464123,0.564105725272847,0.514787769067235,0.842412236142601
"GP189",0.572894459454984,0.509479079349173,0.565397419623286,0.583619022941309,0.599334243156031,0.5056825683144,0.618569157299797,0.550295458562284,0.543448474816197,0.564369954868415,0.512169190818358,0.564780654642345,0.640076549520112,0.644615238107423,0.638312394792406,0.520781342871638,0.508750944089686,0.872082008297975
"GP190",0.500233681727991,0.517834289649188,0.497840334980868,0.502847681571192,0.50695095096324,0.500049453614533,0.51258746395733,0.513533463413013,0.528821518976725,0.534337156911659,0.531159715981453,0.525031891055292,0.510877756712006,0.502074636516692,0.521962750597159,0.555293825789408,0.519700674331784,0.572110532849645
"GP191",0.526995101415184,0.559966014722567,0.541660529447037,0.561888061125433,0.502606453125729,0.561712463837369,0.57607988464647,0.520844535752023,0.558597786525758,0.582738081014223,0.557358875445677,0.646052136774684,0.551938985026128,0.59883826976907,0.555297904080834,0.59646960446776,0.597745140560773,0.540766585670504
"GP192",0.516001504586685,0.556108275728588,0.609204143061566,0.519257560030342,0.516658969945645,0.557813228658102,0.533367899308373,0.515286101818144,0.61390389325619,0.590472875456052,0.619546438140895,0.6387570520863,0.537369985903858,0.679587120973154,0.656775440459075,0.622918992915268,0.558576576693417,0.565159103845898
"GP193",0.508166419175334,0.535814767535156,0.531718130422725,0.537908297826744,0.531420450139368,0.520517650769523,0.519695121958469,0.561002516946804,0.540464839470707,0.545024563562563,0.548968374458117,0.614434908169195,0.542729118145726,0.601532868732728,0.558700175604943,0.502960102477518,0.533003908087828,0.540483459362686
"GP194",0.545023986796846,0.527637186614838,0.576791719717525,0.572911439681055,0.562574260355486,0.556159700179894,0.658350957119572,0.565664354925214,0.550353032629004,0.577063624351402,0.561695866565472,0.559202900835673,0.67247858321826,0.675551235744294,0.639872087898542,0.608625086090045,0.561888495029532,0.433635490136989
"GP195",0.511640322665138,0.529002268549562,0.524766347604787,0.504359757758802,0.517753435249209,0.503871807255878,0.516935265482882,0.500404505297712,0.571550612969717,0.526400547863934,0.502306918950382,0.56086439632533,0.502400073587993,0.506121671758568,0.537397757601201,0.500534467579167,0.508147464651937,0.541563408213461
"GP196",0.55309054250528,0.540220034560299,0.559818932223438,0.505157767485878,0.615887632462842,0.539364752569763,0.504891555265909,0.535911866889804,0.596520979226195,0.541644314035826,0.552483877259662,0.583252184332999,0.515139647251919,0.488888264824412,0.680846943932779,0.550194589087602,0.497401603118281,0.554240939640268
"GP197",0.59049740299941,0.505143864496488,0.495842924321072,0.595601147262783,0.55254419544873,0.524462069778203,0.648667320748833,0.567093566218643,0.49447136184479,0.596334797513143,0.555677628711704,0.769886909625599,0.58354447972765,0.617371314280237,0.542881847018236,0.661933156067907,0.544031781329294,0.663029680368201
"GP198",0.522314555149273,0.520525908243711,0.538855434731403,0.52463952066278,0.527714966196282,0.55062548811444,0.580698219040075,0.531817144378482,0.530858069753437,0.556015371755291,0.541005724704597,0.556180794585862,0.613568311457096,0.517987364297375,0.520944951381337,0.557830622904457,0.553780474609487,0.727289603881713
"GP199",0.520781482690343,0.533321904961024,0.567001310524075,0.554035339092866,0.527482208376802,0.567022634347689,0.642185529871522,0.595889940291145,0.580747137195608,0.573057455292981,0.504545527663867,0.535200995887803,0.589269593747175,0.528808154171938,0.517691748958057,0.549700409614805,0.572662116671988,0.696453842994596
"GP200",0.513177039128143,0.531494674176891,0.513446279011172,0.496223853416353,0.511827152296853,0.525539209697856,0.50519135079517,0.528219396131164,0.530833504417673,0.54370088823008,0.530600708775553,0.565277163305286,0.506698863415875,0.518616896204622,0.497349191615521,0.533697929486151,0.548034819136988,0.750406358304821
