"GP","Top Genes +","Top Genes -","Comments","Prop. active cells","N active genes"
"GP1","CT010467.1; Tmsb4x; Actb; Tmsb10; Eef1a1; Tpt1; Fau; Pfn1; Ppia; Malat1; H2-K1; Cmss1; Cdk8; H2-D1; Hsp90ab1","","Baseline pan-T program; near-ubiquitous, captures mean expression of pan-T/housekeeping genes (Actb, Actg1, B2m, Cd3d/e/g, Cd52); also a continuous sequencing-depth batch effect",0.999906945493717,60
"GP2","Arhgap15; Dock2; Mbnl1; Inpp4b; Foxp1; Ptprc; Elmo1; Maml2; Malat1; Themis; Skap1; Ankrd44; Bach2; Aff3; Zbtb20","Tmsb10; Tmsb4x; Fau; Pfn1; Ppia; Eef1a1; Tpt1; Cd52; Actb; Eef1b2; Fth1; Limd2; Naca; Coro1a; Rac2","Miniverse (wM)",0.102446702637228,171
"GP3","Gzma; Cd7; Ccl5; Fcer1g; Tyrobp; Rgs1; Gzmb; Cd8a; Junb; Nkg7; Dapk2; Ctsw; Itgae; Nr4a2; Chn2","Tmsb10; Tpt1; CT010467.1; Actb; Tmsb4x; Eef1a1; Ms4a4b; Fau; Rack1; Pfn1; Ltb; Lgals1; Eef1b2; Cd52; Coro1a","γδ T/CD8aa shared program (with GP22, GP29); Cd7, Fcer1g, Ctsw, Ccl5 with prominent Gzma/Gzmb; gut IEL, CD69-associated by CITEseq",0.0958051344006738,62
"GP4","Tmsb10; Fau; CT010467.1; Pfn1; Ppia; Limd2; Rac2; Ubb; Ccl5; Arhgdib; Fth1; Actb; Ptpn18; Naca; Eif3f","Dock2; Rack1; Arhgap15; Myh9; Ptprc; Dock10; Cdk8; Ahnak; Prkch; Akap13; Ripor2; Ikzf1; Mbnl1; Grap2; Cmss1","CD4.wN specific",0.621714505620334,119
"GP5","H2ac8; H1f5; H1f4; H4c4; Hist1h2ap; H1f3; H2ax; Top2a; CT010467.1; Pclaf; Ptma; Tuba1b; Tubb5; Birc5; Hmgb2","Igfbp4; Cnn2; Limd2; Ccr7; Cd52; Ifi27l2a; Ltb; Ftl1","Proliferation program",0.0274731600837175,31
"GP6","S100a6; Gzmb; Lgals1; Vim; Crip1; Ctla4; Odc1; Lmna; Ahnak; Maf; Il10; Capg; Ccl5; Ikzf3; Icos","Tmsb10; CT010467.1; Eef1a1; Cmss1; Cdk8; Tpt1; Limd2; Rack1; Tcf7; Klf2; Lef1; Il7r; Actb; Arhgap15; Eef1b2","Skin-enriched γδ T program; Vim, Lgals1, S100a6; CD69-associated skin program by CITEseq",0.087196803972008,46
"GP7","CT010467.1; Ccl5; Cmss1; Cdk8; Crip1; Tpt1; Mir6236; Eef1a1; Gzma; Malat1; Srgn; Hsp90ab1; Nkg7; Tmsb4x; Fau","Igfbp4; Ccr7; Limd2; Ifi27l2a; Cd52; Cnn2; Arhgef1; Dgka; Klf2; Tspan32; S1pr1; Cytip; Lef1; Rasgrp2; H2-T22","Skin-enriched γδ T program (with GP6)",0.00201092365272058,26
"GP8","Fth1; S100a6; Thy1; Ctla2a; Gem; Areg; Tmsb10; Trat1; Vim; Slc25a3; CT010467.1; Cdk11b; Fermt2; Trmt61b; Rn7sk","Ccl5; Gzma; Gzmb; AW112010; Tyrobp; Cd8a; Ikzf2; Ikzf3; B2m; Chn2; Fgl2; H2-K1; Il21r; Srgn; Pim1","DETC γδ T program; identified by surface TCRVγ3 and TCRγδ by CITEseq",0.00653431897507559,29
"GP9","Cdk8; Cmss1; CT010467.1; Eef2; Myh9; Hexb; Msn; Mir6236; Filip1l; Ucp2; Malat1; Ddx5; Actb; Camk1d; Hnrnpu","Tmsb10; Fau; Tmsb4x; Cd52; Eif1; Atp5e; Ftl1; Ptpn18; Naca; B2m; Eef1b2; Cox8a; Ltb; Ifi27l2a; Uqcrh","Batch-effect program enriched in specific batches (IGT13, IGT14)",0.213432339122165,25
"GP10","Ccl5; Gzma; Lgals1; Nkg7; Ly6c2; S100a6; Klf2; Cd8b1; S100a10; Klrg1; Gzmb; Ctsd; Ahnak; Cx3cr1; S1pr5","Ly6e; Ltb; Tcf7; Eef1b2; Eef1a1; Inpp4b; Ifi27l2a; Limd2; Ccr7; Tpt1; Igfbp4; Rack1; Lef1","Cytotoxic effector program; Gzma, Nkg7; active in CD8.H-K, CD4.S, DN.F; KLRG1-associated in CD4 and CD8 by CITEseq",0.0561844182595022,8
"GP11","Vps37b; Gramd3; Dusp10; Junb; Ccr7; Ifngr1; Pnrc1; H3f3b; Srgn; Btg1; Eif1; Emb; Jund; Tnfaip3; Itk","Cd52; Ltb; Ptprcap; Mir142hg; Pfn1; Ccnd3; Emp3; AW112010; Ly6e; Ddit4; Clec2d; Ripor2; Psmb8; Thy1; Actb","Tissue program in resting CD4.A/B and CD8.A/B across lung, liver, placenta, kidney, colon LP and skin",0.221234722894721,42
"GP12","Izumo1r; Cdk8; Tox; Tbc1d4; Pdcd1; Cmss1; Srgn; Ucp2; Ctsb; Rabgap1l; Nfatc1; Sh2d1a; Ikzf2; Cd82; Prkca","Crip1; Ccl5; Satb1; Igfbp4; Selplg; Klf2; Lef1; Tmsb10; Vim; Il7r; Ifngr1; Cytip; Sell; Npc2; Ccr7","chronic-stimulation/anergy program, CD4-biased (vs CD8); Izumo1r (FR4), Pdcd1; Tfh/Tfr (CD4.H, Treg.C); identified by FR4+ CD73+ by CITEseq",0.0989390209088744,109
"GP13","Tmem176b; Tmem176a; Il7r; CT010467.1; Cd163l1; Ckb; Cxcr6; Ifngr1; Selenop; Cdk8; Ramp1; Mir6236; Blk; Serpinb1a; S100a10","Ms4a4b; Inpp4b; Ctla4; Ifi27l2a; Cd2; Lck; Ly6a; Gzmb; Cd28; Nkg7; Fyb; Il10; Cd4; AW112010; Igfbp4","IL-17-associated program (with GP36, GP161), CD4-biased (vs CD8)",0.0298216034710908,56
"GP14","Cd8b1; Cd8a; Satb1; Rag1; Themis; Arpp21; Ssbp2; Cd4; Ccnd3; Tcf7; Camk4; Mier1; Rmnd5a; Znrf1; Hmgb1","H2-K1; Crip1; H2-D1; B2m; Eef1a1; Ccl5; Cdk8; Tpt1; Gzma; Rack1; Ptcra; CT010467.1; Cmss1; Srgn; Eef1b2","",0.000720778124935926,67
"GP15","Eif5a; Npm1; Hsp90ab1; Ncl; Mif; Ptma; Ran; C1qbp; Hspd1; Pa2g4; Hspa8; Eif4a1; Srm; Hspe1; Ybx1","Malat1; Tmsb4x; Itm2b; Cd52; Ypel3; Ifi27l2a; Shisa5; H2-D1; Ltb; Arhgap45; Arhgap15; Ripor2; H2-K1; Tmsb10; Selplg","MYC targets enriched program",0.165629135208198,201
"GP16","Ifi27l2a; Isg15; Ly6a; Bst2; Stat1; Irf7; Ifit3; Ifit1; Zbp1; Ifi47; Rtp4; Rnf213; Slfn1; Samhd1; H2-T23","Thy1","ISG program, particularly active in CD4.D, CD8.F, DN.I/J",0.044819150932832,52
"GP17","Ifi27l2a; Atp5e; Tmsb4x; Ripor2; Lef1; Tmsb10; Chd3; Rbm39; Bach2; Arhgap15; H2aj; Foxp1; Arhgap45; Cd52; Btg2","Actg1; Ubb; Hspa8; Eef1a1; Il31ra; Gapdh; Hexb; Camk1d; Vim; Eif3f; Uba52; Btf3; Naca; Cdk8; Eif3h","",0.0050990715052907,67
"GP18","Cpa3; CT010467.1; Crip1; Ccl5; Tmsb10; Tpt1; Nkg7; Tmsb4x; Cdk8; S100a10; Gzma; Srgn; Eef1a1; Cmss1; Ccr9","Ifi27l2a; Ccr7; Ly6d; Rgcc; Limd2; Inpp4b; Myl10; Satb1; Cd3d; Lef1; Tspan32; Slfn1; Gimap3; Lck; Dgka","",0.00192260073150305,61
"GP19","Prl8a9; Tpbpa; Psg21; Prl3b1; Creg1; Psg27; Tpbpb; Psg18; Rhox9; Prl8a8; Prl7a2; Ceacam11; Psg23; Psg19; Psg16","Cts6; Ccr10; Cts3; Hsd17b2; Plekhh3; Cdkn2b; Rsph1; Shank1; Catsperd; Tktl1; Zfp212; Tubb4b-ps1; Rgs9bp; Dact1; Cenpm","",0.000107249261478431,30
"GP20","Cenpa; Ube2c; Cdc20; Cenpf; Arl6ip1; Vim; Tubb4b; Hmgb2; Aspm; Ccnb2; Cks1b; Ccnb1; Hsp90b1; Dynll1; Hmmr","H2ac8; H1f5; H1f4; Hist1h2ap; H1f3; H4c4; H1f1; H3c6; H1f2; Rrm2; H2ac20; H3f3b; H2ac4; H2bc11; Pclaf","proliferation program, CD8.K specific",0.0152372811050459,22
"GP21","Mcm3; Mcm6; Dut; Hells; Mcm5; Mcm4; Lig1; Mcm2; Mcm7; Pcna; Slbp; Hmgb2; Tipin; Dnmt1; Uhrf1","CT010467.1; H2ac8; Malat1; H1f4; H1f5; Cmss1; H4c4; Fau; Tpt1; Tmsb10; H2-K1; Tmsb4x; Hist1h2ap; H1f3; Ccl5","proliferation program",0.0333639834899225,72
"GP22","Klra7; Fcer1g; Ccl5; Cd7; Xcl1; Klrd1; Tyrobp; Ctsw; Il2rb; Anxa2; Klra1; Klre1; Klrk1; Ikzf2; Ly6c2","CT010467.1; Cdk8; Tpt1; Cmss1; Actb; Tmsb4x; Eef1a1; Mir6236; Fau; Malat1; Hsp90ab1; Rack1; H2-K1; Pfn1; H2-D1","DN-enriched lineage program; Ikzf2, Fcer1g, Klr genes",0.0466613147182262,42
"GP23","Actg1; Vim; Hspa8; Ubb; Hexb; Il31ra; Gapdh; Ftl1; Dnaja1; Rn7sk; Uba52; Camk1d; Lmna; Ywhaz; Cdk8","Ccl5; Ms4a4b; AW112010; Ifi27l2a; H2-K1; CT010467.1; Tmsb4x; Atp5e; Ly6c2; Itga4; Cd3d; Gimap3; Gimap6; H2-D1; Ly6a","Non lymphoid tissue program across lineages; gated as CD103+ ITB7+ CD29- CD49D-",0.0977829369579378,102
"GP24","Defa24; Defa30; Defa22; Defa21; Defa38; Lyz1; Defa39; Itln1; Spink4; Defa23; Fabp2; Defa5; Ang4; Defa29","Fabp1; Rbp2; Apoa1; Odc1","Rare, Defensin family program",0.000118289626630623,8
"GP25","Lgals1; S100a6; Vim; Crip1; S100a10; Anxa2; S100a11; Ly6a; Sh3bgrl3; Lgals3; S100a4; Tagln2; Txn1; S100a13; Myl6","Malat1; Eef1a1; Tpt1; Limd2; Btg1; Tcf7; Arhgap15; Ddx5; Eef1b2; Fau; H2-K1; Foxp1; Lef1; Ltb; Klf2","Activation program",0.340909126754432,26
"GP26","Ccl5; Nkg7; S100a6; AW112010; Rgs1; Cxcr6; Ctsw; Malat1; Ccl4; Junb; Cd8a; Dennd4a; Dusp2; H2-K1; Itgb1","Klf2; Lef1; Tcf7; Tmsb10; Ripor2; Cmss1; Limd2; Igfbp4; Atp1b3; Sell; Ccr7; Eef1b2; Rack1; Mir6236; Gpx1","Broadly active activation program (with GP80 in 86% of activated T cells), particularly in non-lymphoid tissues; Klf2 down, Rgs1 up; CD69-associated by CITEseq",0.295982726560122,17
"GP27","Tnfrsf4; Tnfrsf9; Ikzf2; Cd83; Hopx; Tnfrsf18; H2az1; Zfp36l1; Cd74; Areg; Tigit; Ccr8; Klrg1; Foxp3; Sdf4","Ms4a4b; Crip1; Tmsb4x; Thy1; S100a6; Lgals1; Nkg7; Vim; Lat; Tmsb10; Fau; Anxa2; Itm2b; Ly6a; Lgals3","Effector Treg program; Areg, Tnfrsf4; KLRG1-associated in Tregs by CITEseq",0.0342204003867282,34
"GP28","CT010467.1; Cmss1; Cdk8; Tpt1; Eef1a1; Tmsb10; Tmem176b; Emb; Ifngr1; Rack1; Tmsb4x; Junb; Bhlhe40; Il7r; Tmem176a","S100a6; Gzmb; Ccl5; Nkg7; Ccl4; Cd8a; Cd8b1; Crip1; Pdcd1; Tnfrsf9; Ccr7; Igfbp4; Cd27; Ctsd; Pglyrp1","",0.00678036139846728,64
"GP29","Cd7; Ccl5; Fcer1g; AW112010; Ctsw; Cd160; Rgs1; Nkg7; Xcl1; Klrd1; Ikzf2; Cd3g; Junb; Dapk2; Cd8a","Klf2; Ms4a4b; Lef1; Ifi27l2a; Lat; Ccr7; Igfbp4; Emp3; Thy1; Ly6a; Lgals1; Ms4a6b; Npc2; Tpt1; Il7r","CD8aa γδ T and ab T shared program (with GP3, GP22), CD69-associated by CITEseq",0.188135708168451,24
"GP30","Ccl5; Ly6e; Il2rb; Ly6c2; AW112010; Cxcr6; Id2; Nkg7; Kcnq5; Ctsw; Lyst; Serinc3; Cd226; Cxcr3; Gimap3","Klf2; Vim; Ccr7; Tcf7; Cytip; Igfbp4; Ripor2; Lef1; Atp1b3; Emp3; Dgka; Npc2; Cd8b1; Cd8a; Actn1","Tz (Zbtb16+) lineage-specific program; Zbtb16; shared across iNKT, MAIT and other Tz",0.125659858967221,83
"GP31","Gzmd; Gzmf; Gzme; Gzmg; Spp1; Lgals3; Gzmc; Tnfrsf9; Prf1; Mt1; Gzmb; Ctsg; Tnfrsf4; Irf8; Ftl1","Tff1; Sostdc1; Gzmk; Ctsw; Ccl5; Klra7; Hs6st3; Xcl1; Il22; Ckb; Cd160; Tmem176b","Granzyme family program",0.000211344132913379,12
"GP32","Cdk8; Rack1; Eef2; Ly6c2; Eef1a1; Tpt1; Ccl5; Gzmb; Actg1; Ms4a4b; Coro1a; Srgn; Sh2d2a; Eif3f; Gramd3","Malat1; Fth1; Ptma; Ppia; Emp3; Hsp90ab1; Rabac1; Tmsb10; Crip1; Jund; Rbm39; CT010467.1; Eif1; Calm1; Son","Activation program",0.534106053747652,80
"GP33","Hbb-bs; Hba-a2; Hba-a1; Hbb-bt; Alas2; Gpx1; Ftl1; Ube2l6; Mkrn1; Bpgm","","Hemoglobin program",0.00124440687215415,4
"GP34","Rad51b; H19; Diaph3; Kcnq5; Pola1; Ifi27l2a; Cux1; Plxdc2; Aspm; Ano6; Pabpc1; Arpp21; Atp13a3; Mki67; Tff1","H2ac8; H1f5; H1f4; Hist1h2ap; H4c4; H2ax; Ptma; Pclaf; H2az1; Crip1; Tuba1b; Hmgb1; Tubb5; H1f3; Hmgb2","Proliferation program",0.00424265460848499,59
"GP35","Junb; Fos; Dusp1; Jun; Zfp36; Jund; Nfkbia; Klf6; Nr4a1; Ppp1r15a; Ier2; Tnfaip3; Pnrc1; Btg2; Cd69","","Early TCR-response program; Nr4a1, Fos, Jun, Dusp1; CD69-associated by CITEseq",0.281852636360339,20
"GP36","Il17a; Cxcl3; Il22; Ctla4; Hopx; Il17f; Bhlhe40; Gzma; Il1r2; Hspa5; AW112010; Furin; Pde5a; Ostf1; Areg","S100a6; Crip1; Lmna; Vim; Lgals1; Ahnak; Dennd4a; Samsn1; Cd163l1; Pdcd1; S100a10; Zfp36l2; Cd52; S100a11; Fth1","IL-17-associated program with Il22 co-expression",0.00608166400383574,22
"GP37","Csn2; Csn1s2a; Gzma; Ccl5; Wap; Csn1s1; Csn3; Glycam1; Csn1s2b; Gzmb; Xist; Rgs1; Cd7; Tyrobp; Pabpc1","Cdk8; Cmss1; Hexb; Camk1d; Il31ra; Mir6236; Gphn; Dock2; Mir142hg; Arhgap15; Dennd4a; Skap1; Filip1l; Vps37b; Ripor2","Mammary gland-specific program",0.000205035352826412,13
"GP38","Tmsb10","Gzmk; Ccl5; Gzma; Itga4; Cd8b1; Ms4a4b","",5.99334108261821e-05,2
"GP39","Fabp2; Apoa1; Rbp2; Fabp1; Crip1; Hspa1a; Cmss1; Krt20; Apoa4; Lgals4; Fabp6; Selenop; Reg3b; Cd8a; Zg16","Junb; Rgs1; Tnfaip3; Cdk8; Gzmk; Rbm3; S100a11; Cytip; Dennd4a; Pnrc1; Ifngr1; Tmsb4x; Rn7sk; Lars2; Srsf5","",0.00159454416698079,8
"GP40","Apoe; Ftl1; C1qb; C1qa; Cd74; C1qc; Fth1; Hmox1; Ctsb; Tyrobp; Fcer1g; Lyz2; Psap; Cst3; Ifi27l2a","Cdk8; Rn7sk; Camk1d; Gphn; Eef2; Myl10; Malat1; Crip1; Ly6d; S100a6","Myeloid-like program",0.00329791479046176,22
"GP41","Il7r; CT010467.1; Crlf3; Mir6236; Ms4a4b; Eef1a1; Klf3; Klf2; Cmss1; Malat1; Atp1b3; Tsc22d3; Cdk8; Tcf7; Itga4","Actg1; Cd52; Actb; Pfn1; Cnn2; Lcp1; Cfl1; Actr3; Cotl1; Ptprcap; Wdr1; Coro1a; Cap1; Lck; Ptpn6","Resting CD4.B/CD8.B program",0.535481367806611,74
"GP42","Reg2; Prss2; Reg1; Ctrb1; Try5; Cpa1; Clps; S100a6; Reg3b; Pnliprp1; Cela2a; Clu; Rnase1; Lgals1; Nupr1","Fabp2; Gzmk; Apoa1; Rbp2; Fabp1; Defb25; Lgals4; Klra7; Tyrobp; Krt20; Apoa4; Phgr1; Fabp6; Fcer1g; Apoc3","Reg family enriched program",0.00021292132793512,29
"GP43","Tpt1; H2-D1; Rack1; H2-K1; CT010467.1; Eef1a1; Actb; Eef2; Fau; Cdk8; Ccl5; Tmsb4x; Cmss1; Pfn1; Tmsb10","Hexb; Camk1d; Mir6236; Il31ra; Lars2; Gphn; Gapdh; Pabpc1; Ubb; Rsrp1; Sumo2; Anp32a; Cd48; Prdx1; Btf3","Translation, actin remodeling enriched program",0.634926668317464,31
"GP44","H2ac8; H1f5; CT010467.1; H1f4; H4c4; H1f3; Tmsb10; Hist1h2ap; Ifngr1; Tmem176b; Malat1; Slc9a9; H3c6; Tmem176a; H1f1","Gzmb; Gzma; Crip1; Tyrobp; Vim; Ccl5; Fcer1g; Cd7; S100a6; Lgals3; Actg1; Fth1; Lmna; Itgae; Eif1","Proliferation program",0.000294935469065685,38
"GP45","Tpbpa; Prl7d1; Prl2c5; Prl2b1; Prl8a9; Tpbpb; Ctsj; Prl2c3; Ceacam11; Rbp1; Sct; Fn1; Rhox9; Cd63; Flt1","Cts6; Psg16; Prl8a8; Psg23; Ceacam12; Psg21; Hsd17b2; Shank1; Prl3b1; Psg26; Catsperd; Fbln7; Prl8a1; Prl8a6; Ceacam5","",3.94298755435408e-05,16
"GP46","H19; Tcf25; Myl10; Pld4; Uck2; Dnajc7; Tshz2; Il2ra; Mcub; Cblb; Hdac4; Ppt1; Tmem176b; Bcl2","Gzma; S100a6; Crip1; Ly6e; Gzmb; Ccl5; Ccr9; Ly6d; CT010467.1; Maf; Thy1; Lgals1; Tcf7; Itm2b; Il10","",0.000141947551956747,2
"GP47","Crisp3; Klk1b26; Klk1; Klk1b9; Nfkbid; Klk1b5; Klk1b16; Btg2; Ccl4; Klk1b22; Itgb1; Klk1b11; Itgae; S100a6; Klk1b4","Malat1; Plac8; Fcer1g","Klk family enriched program",0.000162451087239388,8
"GP48","Dntt; Ly6d; Ly6e; Gzma; Crip1; Arpp21; Tcf7; Thy1; Lgals9; Cd24a; Gfra1; Ifngr1; Cux1; Aqp11; Fkbp5","Tmsb10; Tmsb4x; Cd52; Vim; H2-K1; H2-D1; Actb; Inpp4b; Lcp1; Ms4a4b; Actg1; Cnn2; Pfn1; B2m; Tagln2","",0.000345405709761418,36
"GP49","CT010467.1; Mir6236; Cmss1; Cdk8; Camk1d; Lars2; Il31ra; Hexb; Gphn; Tmsb10; Fau; Rn7sk; Myh9; Tmsb4x; Zc3h7a","","resting-like program",0.640522556254603,9
"GP50","Jchain; Iglv1; Pnrc1; Sostdc1; Hsp90ab1; Igkc; Igha; Klf6; Rbm39; Nfkbia; H3f3b; Dennd4a; Tnfaip3","Gzma; Gzmb; Cdk8; Lars2; Gphn; Rn7sk; Gzmk; Ly6c2; Crip1; Il31ra","B cell program",0.0101050885042986,1
"GP51","Tmsb4x; Actb; Pfn1; Ppia; CT010467.1; Mir6236; H2-K1; Malat1; Tmsb10; Hsp90ab1; Eif1; Tpt1; Calm1; Actg1; Arhgap15","Rn7sk; Ifi27l2a; Tcf7; Ccr7; Ypel3; Gpi1; Eef2; Limd2; Arhgef1; Ccni; Ucp2; Gas5; Eif3f; Camk1d; Itgae","broadly active program",0.515943075877275,76
"GP52","Alb; Serpina1b; Serpina1e; Gnmt; Serpina1d; Apoc1; Ambp; Ttr; Car3; Apoe; Dbi; Selenbp2; Gsta3; Stard10; Trf","Cttnbp2; Fabp2; Gzmk; Rbp2; Spink1; Gpx3; Zg16; Fxyd2","",0.000171914257369838,14
"GP53","Olfm3; Mest; Foxo1; Trmt61b; Ifngr1; Emb; Smchd1; Bhlhe40; Uty; Tagln2; Adgrl2; AW112010; Cd52; Jmy; Ifi27l2a","Cd7; Fcer1g; Nkg7; Vim; S100a6; Gzma; CT010467.1; Cd3g; Cd3e; Fth1; Ccl5; Gzmb; Cdk8; Crip1; Ctla2a","",0.0030345232218309,53
"GP54","BC018473; CT010467.1; Cdk8; Mir6236; H2-D1; H2-Q6; Rack1; Ly6a; Tpt1; Tmsb4x; B2m; Lars2; Cmss1; Eef1a1; Hsp90ab1","H2-K1; Ly6e; Rbm3; H2-T23; Ubb; Ly6c2; Gimap3; Hcst; Actn1; Trim12a; Gimap6; Epsti1; H2-Q7; Dnajc15; Ifi213","",0.00722355319957668,19
"GP55","Mpo; Ube2c; Hmgb2; Cenpa; Birc5; Ccnb2; Hmgn2; H2az1; H19; Cks1b; Elane; Tubb4b; Selenoh; H2az2; Prtn3","Myl10; Crip1; S100a6; Ly6d; Gzmk; Cd3g; Rgcc; Ptcra; Ccnd2; Diaph3; Atp5g1; Inpp4b; Neil3; Dgkeos; Lgals1","Myeloid-like program",0.000619837643544462,13
"GP56","Il13; Areg; Gadd45b; Il4; Hilpda; Pdcd1; Rgs1; Btg1; Nfkb1; Nr4a1; Lgals1; Il5; Gata3; Fgl2; Cd40lg","Il1rl1; Ms4a4b; Odc1; Ifngr1; Cmss1; Ifi27l2a; Tmsb10; AW112010; Ltb; Lsp1","Th2-like program across lineages; Il4, Il13, Areg",0.00300613371143955,4
"GP57","Nrgn; Gzmk; Tff1; Lag3; Stat3; Rgs16; Rabgap1l; Igfbp7; Sdf4; Ccl1; Hs6st3; Bhlhe40; Eea1; Ly6a; Il10","Crip1; Klra7; Il22; Fth1; Gzmg; Ccl5; Hmgb2; Cd7; Ptpn18; Cotl1; Izumo1r; Itgb7; Il1rl1; H2-D1; Sntb1","Chronic-stimulation/exhaustion program; Tox, Lag3; active in CD4+ and CD8+ tumor-infiltrating T cells",0.00829604581436099,109
"GP58","Cd8b1; Cd8a; Nkg7; Ly6c2; Ctsw; Epsti1; Dnajc15; CT010467.1; Klrd1; Fam241a; Thy1; Ccl5; AW112010; Tagln2; Sidt1","Cd4; Igfbp4; Ly6a; Tspan32; Cytip; Ly6c1; Cd40lg; Cd5; Ifi27l2a; Runx1; Foxn3; H3f3b; Cd28; Inpp4b; Ets1","CD8-associated lineage program; higher in resting than activated CD8",0.465291457754043,9
"GP59","Pnlip; Cela2a; Ctrb1; Prss2; Clps; Try4; Try5; Cpa1; Cpb1; Canx; Lsg1; Cdh10; Strap; Taf6; Slc5a3","Defb25; Fabp2; Cenpw; Blk","",5.20474357174739e-05,7
"GP60","Rgs6; Hdac9; Ptprk; Slamf7; Slit3; Stfa3; Setbp1; Ptprm; Dnah8; Gpr183; Eomes; Etv6; Nek7; Zbtb20; S100a10","Sostdc1; Gzmk; Cd52; H19; Satb1; Nrgn; Themis; Lsp1; Ccl5; Cpeb4; Camk4; Slfn2; Maml2; Ifi27l2a; Cd2","",0.000604065693327046,10
"GP61","CT010467.1; Cdk8; H2-Q6; Rack1; H2-D1; Tmsb4x; Tpt1; Hsp90ab1; B2m; Eef1a1; Mir6236; Fau; Lars2; Ly6a; Btg1","H2-K1; Ly6e; Rbm3; H2-T23; Ubb; Camk1d; Gimap3; Actg1; Hcst; Jund; Actn1; Atp5g2; Foxn3; Trim12a; Nme2","",0.0204309843116411,24
"GP62","Gzma; Gzmb; Ccl5; Tyrobp; Fgl2; Itgae; Cd8a; Cd200r2","CT010467.1; Cmss1; Cdk8; Xcl1; Eef1a1; Tmsb10; Tpt1; Mir6236; Lars2; Actb; Cd160; Ppia; Emb; Hspa8; Rack1","Gzma/b program in gut-resident CD8aa intraepithelial program (with GP3, GP29); CD69-associated by CITEseq",0.074651794769075,9
"GP63","Vps37b; Emb; Litaf; Ifngr1; Nr4a2; Ubald2; Il21r; H3f3b; Ubc; Crem; Cebpb; Hspa5; Ccl5; Dgat1; Junb","Coro1a; Ltb; Ucp2; Cd52; Cnn2; Pfn1; Ifi27l2a; Limd2; Rinl; Clec2d; Tmsb4x; Zfp36; Ly6a; Gimap7; Inpp4b","Non-lymphoid tissue program broadly active across lineages (with GP26); CD69-associated by CITEseq",0.134977927155671,91
"GP64","Car1; Atpif1; Blvrb; Mt1; Car2; Vamp5; Apoe","Tmsb4x; Cd3g","",0.000346982904783159,1
"GP65","Fabp2; Clec2h; Rbp2; Fabp1; Il22ra1; Reg3b; Lgals4; Chd3; Umod; Slc25a5; Mt1; Nectin2; Myo1f; Tst; Spink1","Gzmk; Apoa4; Alpi; Krt20; Myo15b; Creb3l3; Ces2a; Apob; H19; Tff1; Abcc2; Hspa1b; Entpd8; Nlrp9b; Cdhr2","",0.00153934234121983,43
"GP66","Tubb1; Nrgn; Cd9; Pf4; Gng11; Ppbp; Ywhah; Tsc22d1; Myl9; Gas2l1; Clec1b; Alox12; Itga2b; Taldo1; Mkrn1","","",4.41614606087657e-05,12
"GP67","Gata2; Cd34; Angpt1; Atpif1; Olfr91; Ifitm1; Napsa; Ube2s; Adgrl4; H2az1; Ifitm2; Lrmda; Dut; Il1rl1; Hhex","Gzmk; Hs6st2; H19; Cpa3; Cd3e; Cd3g; Tff1; Wwox; Hs6st3; Plxdc2; Arpp21; Skap1; Tpsab1; Cd3d; Myl10","",0.000160873892217647,27
"GP68","Foxp3; Ikzf2; Izumo1r; Il2ra; Ifi27l2a; Inpp4b; Tnfrsf4; Ly6e; Samhd1; Il2rb; Smc4; Tnfrsf18; Capg; Ctla4; Ltb","Tcf7; Igfbp4; Themis; Lef1; Pde3b; Itk; Satb1; Emb; Thy1; Il7r; Ikzf1; Ccl5; Maml2; Gramd3; Rflnb","Treg lineage-specific program; Foxp3, Il2ra, Ikzf2, Izumo1r",0.0657863815518653,52
"GP69","Ccl5; S100a6; Nkg7; Gzmb; Crip1; Cd8b1; Cd8a; Ccl4; Lgals3; Lmna; Ikzf3; Lgals1; Anxa2; Nr4a2; Ctsd","Tmem176b; Ifngr1; Bhlhe40; Tmem176a; Junb; Il7r; Emb; Tnfrsf4; Rgs1; H2az1; Tagln2; Rora; Il18r1; Ramp3; Ckb","",0.00123178931198022,73
"GP70","Taf7l; Tpbpb; Tpbpa; Psg16; Ceacam11; Bhlhe41; Cebpb; Ablim3; Ceacam12; Sbsn; Zfp212; Sdc1; Plp2; Rhox5; Psg23","Il22; Il1r2; Ermn; Prl3b1; Flt1; Prl7a2; Atp1b2; Gzmk; Prl2b1; Krt18; Psg19; Il2ra; Rangrf; Prl8a8; Psg26","",0.000123021211695847,29
"GP71","Cts6; Il22; Prl8a8; Psg26; Hsd17b2; Fbln7; Shank1; Catsperd; Cts3; Ceacam5; Psg-ps1; Ceacam14; Glrx; Krt18; Fam90a1b","Tpbpa; Prl3b1; Prl8a9; Tpbpb; Prl2c5; Taf7l; Prl7d1; Rarres2; Rhox9; Sbsn; Dusp9; Sdc1; Krt8; Prl2c3; Prr29","",2.36579253261245e-05,13
"GP72","Bhlhe40; Ramp3; Emb; Tnfsf11; Junb; Odc1; Rora; Nfkbia; Tnfaip3; Vps37b; Il22; Gpr132; Tmem176b; Ifrd1; Dgat1","Ccl5; S100a6; Gzmb; Crip1; Lgals1; Vim; Nkg7; S100a10; Tmsb4x; Gzma; AW112010; CT010467.1; S100a11; Actb; Itm2b","CD4 and gdT specific programs, particularly in the skin",0.0498314767119269,39
"GP73","Ifngr1; CT010467.1; Tmem176b; Bhlhe40; Tmem176a; Junb; Rgs1; Tmsb10; Il7r; Emb; Icos; Malat1; Ckb; Ctla4; Eef1a1","Gzmb; Crip1; S100a6; Ccl5; Nr4a2; Nkg7; Lgals3; Anxa2; Cd8a; Ccr7; Gzma; Igfbp4; Ccl4; Lmna; Gem","",5.83562158044404e-05,74
"GP74","S100a9; CT010467.1; Cmss1; Lars2; Tpt1; Mir6236; S100a8; Gphn; Rack1; Tmsb4x; Ngp; Fau; Camp; Zc3h7a; Rbm3","Hspa8; Junb; Rsrp1; Rn7sk; Txnip","",0.0155858412048508,7
"GP75","n-R5-8s1; Rn7sk; Dpp8; Klf10; Pdcd1lg2; Mob4; Grhl1; Gpr19; Ier5; Zcchc9; Gt(ROSA)26Sor; Topbp1; Rgs16; Shld1; Nt5c3b","","",3.15439004348327e-06,421
"GP76","Tmsb10; Cd52; H2ac8; H1f5; Tuba1b; Tmsb4x; Hist1h2ap; H1f4; Ifi27l2a; Vim; Tubb5; Cnn2; H4c4; Pclaf; Birc5","CT010467.1; Crip1; Dntt; Ly6d; Ly6e; Gzma; Eef1a1; Cdk8; Myl10; Rgcc; Thy1; Fth1; Tcf7; Lgals9; Plac8","",0.000424265460848499,96
"GP77","Cd74; H2-Aa; H2-Eb1; H2-Ab1; Cd79a; CT010467.1; Gzma; Ccl5; Lars2; Malat1; Ly6d; Tmsb10; Cd79b; Iglc3; Iglc2","Cdk8; Cmss1; Hexb; Il31ra; Camk1d","Rare program in B220+ CD8+ mammary gland T cells",0.00283895103913494,10
"GP78","Stfa3; Klra7; Gzmb; Gzma; Itga4; Elk3; Il17a; Slc45a2; Il22; Tspan5; Fcer1g; Sec24d; Cd3g; Capg; Nrgn","Olfm3; Sostdc1; Tmsb10; Cxcl3; Cd8a; Kit; Ntng1; Rora; Kdm2b; Tox; Tnfrsf9; Parp8; Ptprj; Atf3; Jak2","",8.67457261957898e-05,31
"GP79","Tmem176b; Bhlhe40; Ifngr1; Tmem176a; Junb; Emb; Il7r; Rgs1; Tnfrsf4; Tagln2; Ubb; Ckb; Cmss1; Il18r1; Tpt1","Ccl5; S100a6; Gzmb; Nkg7; Crip1; Cd8b1; Ccl4; Cd8a; Lgals1; Lgals3; Lmna; Anxa2; Ly6c2; Ikzf3; Hsp90ab1","Activation program; Odc1, Bhlhe40, Ifngr1, Il7r, Rgs1, Il18ra, Rora, Tmem176a/b",0.070543201737438,41
"GP80","Ccl5; Klf2; Crip1; Itgb1; Ly6c2; Ahnak; S100a6; S100a10; Lgals1; Itga4; Ms4a4b; Nkg7; Vim; Hopx; H2az1","Inpp4b; Tpt1; Eef1a1; Igfbp4; Rack1; Cdk8; Ccr7; Npc2; Lef1; Cmss1; Cd3g; Cd52; Rgs10; Cd8a; Eef1b2","Broad activation program, possibly Klf2-associated recirculation/tissue-egress program marked by integrins; gated as CD29+ CD49D+ CD103- ITB7- by CITEseq",0.412072166135415,17
"GP81","Ccl5; S100a6; Nkg7; Gzmb; Ccl4; Cd8a; Pdcd1; Cxcl3; Ifi27l2a; Cd8b1; Tnfrsf9; Nr4a2; Pglyrp1; Crip1; Cd52","CT010467.1; Cmss1; Emb; Tmem176b; Bhlhe40; Cdk8; Ramp3; Tmem176a; Tnfsf11; Eef1a1; Ifngr1; Tpt1; Odc1; Il7r; Junb","Activation program",0.00768567134094698,62
"GP82","Mcpt8; Prss34; Il22; Cd63; Ms4a2; Gng12; Alox5ap; Fcer1g; Plp2; Napsa; Nedd4; Alox5; Ctla4; Ms4a3; Cd200r3","Gzma; Gzmk; Cxcl3; Gzmb","",0.000110403651521914,8
"GP83","Tff1; Tmem176b; Tmem176a; Emb; Rgs1; Ckb; Itm2b; Ly6a; Cytip; Tnfsf11; St6galnac3; Il7r; Rora; Actn2; Jun","S100a6; Sostdc1; Ccl5; Crip1; Pdcd1; Cd8b1; Tox; Ifi27l2a; Nkg7; Tnfrsf9; Lgals3; Tigit; Itgb1; Pglyrp1; Dusp2","",0.00505175565463845,38
"GP84","Mucl2; Itgb1; Cxcr6; S100a6; Scgb1b27; Junb; Nfkbid; Dusp2; S100a4; Ier2; Xcl1; Prol1; Itga4; Isg20","Gzmk; Gzmb; Malat1; Gzma; Plac8","",0.00054097789245738,3
"GP85","Gzmb; Ccl5; S100a6; Crip1; Nkg7; Gzma; Cd8b1; Lmna; Lgals3; Cd8a; Ccl4; Ccr7; Il22; Gem; Lgals1","Ifngr1; Tmem176b; CT010467.1; Junb; Tmem176a; Bhlhe40; Il7r; Emb; Tpt1; Tmsb10; Rgs1; Eef1a1; Tmsb4x; Cmss1; Il18r1","",0.00393667877426712,77
"GP86","Myh6; Ogfod3; Atp2a2; Gypc; Rrp1b; Rtp4; Fchsd2; Trmt11; Pld4; Zfp638; Acvrl1; Hspa1a; Bcl2l1; Fbxo36; Fancm","Gzmk; Defa24; Cyp2c50; Defa39; Defa23; Kap; Defa30; Itln1; Defa29; Adgrl2; Adamtsl3; Hs6st3; Scn8a; Defa40; Nrcam","",4.7315850652249e-06,44
"GP87","A2m; Cryab; Gpx3; Rarres2; Fabp4; Tfpi2; Dcn; Fosl2; Prl8a2; Tmem150a; Sparc; Ctsl; Trem2; Htra3; Lifr","Erv3; Slc39a8; Gzmk; Bambi; Ccrl2; Grk5; Zdhhc11; Mmp19; Adam9; Igkv14-126; Mxra7; Mastl; Plcd1; Scgb1a1; Fnbp1l","",2.52351203478661e-05,41
"GP88","Cxcl3; Sostdc1; CT010467.1; Tmsb10; Tmsb4x; Cd247; Slc9a9; Itgb1; Ikzf2; Cd163l1; Pdcd1; Tcf7; Eef1a1; Pfn1; Selenop","Gzmk; Il22; Odc1; Ccl5; Gzmb; Stfa3; Ostf1; Dgat1; Il17f; AW112010; Itga4; Ctla4; Ccl20; Arl6ip1; Prdx6","",7.88597510870817e-05,10
"GP89","Cmss1; Mir6236; Kap; Gphn; Gpx3; CT010467.1; Hsp90ab1; Gzma; Fxyd2; Zg16; Ccl5; Hspe1; Hsp90aa1; Camk1d; Hspa1a","Xist; Rn7sk; Rbm3; Gzmk; Gapdh; Pfn1; Srsf5; Malat1; Ubb; Dock2; Defa24; Actb; Arhgap15; Eif5a; Ptma","",0.000370640830109284,30
"GP90","Reg3b; Fabp6; Lypd8; Phgr1; S100a6; Dennd4a; Cyp4f14; Rgs1; Plcxd2; Hao2; Hmgcs2; Naaladl1; Defb37; Tspan8; Krt19","Fabp2; Fabp1; Rbp2; Gzma; Klra7; Apoa1; Ccl5; Gzmb; Tyrobp; Fcer1g; Ckmt1; Apoc3; Spink1; Cd7; Apoa4","",0.000692388614544577,12
"GP91","Ctrb1; Try4; Clps; Cela2a; Prss2; Cela1","","",0.00022238449806557,1
"GP92","Igf1r; Gab3; Xist; Eml4; Il12rb2; Ppp3ca; Pan3; Mcph1; Pik3r6; Ube2e2; Rad21l; Adam12; Tmem164; Abi3bp; Erdr1","Trmt61b; Adamtsl3; Rhoq; Carmil1; Btbd9; Zmat4; Tjp1; Map1b; Tiam1; Trat1; Rgs2; Pmp22; Slc4a4; Nrip3; Egr1","",4.7315850652249e-06,277
"GP93","Mest; Slc25a3; Trmt61b; Atp5md; Cwc25; Cstb; Crem; Emd; Tpm4; Trf; Cdk11b; Arpc3; Cdkn1a; Arf4; Foxo1","Vim; Cd3g; Cd7; Cd3e; Trat1; Rgcc; Cntn1; Ctla2a; Cd247; Olfm3; Rasgef1b; Srgn; S100a6; Malat1; Mta3","",0.00493819761307305,137
"GP94","Apoa4; Alpi; Myo15b; Abcc2; Creb3l3; Eps8l2; Krt20; Ces2a; Cdhr2; Gzmk; Cited2; Apob; Oit1; Clec10a; Entpd8","Fabp2; Rbp2; Fabp1; Reg3b; Hspa1a; Lgals4; Clec2h; Spink1; Phgr1; Krt8; Ckmt1; Apoc3; Fabp6; Fbp2; Lag3","",0.000861148481870932,8
"GP95","Defb25; Fabp2; Hif1a; Cenpw; Capg; Raph1; S100a4; Babam1; Hspa1a; Pde7b; Ap1s1; Arg1; Gnal; Axl; Cbx6","Ctrb1; Prss2; Clps; Cela2a; Try4; Reg1; Try5; Cpa1; Rnase1; Reg3g; Pnliprp1","",0.000108826456500173,4
"GP96","Olfm5; Angpt1; Ctla2a; Alox5ap; Ly6d; Satb1; Dntt; Aff3; Cdk6; Itga4; Clec4e; Fth1; Gpx1; Aqp11; Lck","Ccr9; Gzma; Cpa3; Igfbp4; Tmsb10; Thy1; Maf; Slc9a9; Blk; Camk2d; Etv5; Cd247; Fam169b; Sox5; Id3","",9.4631701304498e-06,28
"GP97","Tex50; Mpp7; Vmp1; Zmym6; Plekhg1; Ptk2b; Cltc; Rpn2; Ell2; Pawr; Igf1r; Crebbp; Kcnq1ot1; Btla; Galnt2l","Cd163l1; Il1r1; Serpinb1a","",7.88597510870817e-06,271
"GP98","Tmsb10; Tmsb4x; Cd52; Vim; H2-K1; H2-D1; Inpp4b; Tagln2; Ms4a4b; Lcp1; Cnn2; Tuba1b; Ccr7; Ifi27l2a; Shisa5","Dntt; Ly6e; Ly6d; Crip1; Gzma; Arpp21; Thy1; Tcf7; Lgals9; Ifngr1; Cd24a; Gfra1; Fkbp5; Cux1; Hmgb1","",0.000219230108022087,51
"GP99","Glis1; Frmd5; Tnfrsf9; Gzma; Lgals3; Klrh1; Ifngr1; Il2rb; Camk4; Tigit","Nr4a2","",0.00173018293885057,1
"GP100","Xcl1; Kit; Cd8a; Klra5; Cd160; Klrh1; Tyrobp; Cox7a2; Id2; Lgals3; Klrb1a; AW112010; Car2; Limd2; Rnf180","Gzma; Gzmb; Ccl5; CT010467.1; Fth1; Ubb; Klrd1; Eif1; Ptma; Plac8; Ccl4; Hcst; Btg2","Activation program, CD8-biased (compared to CD4)",0.0547523251797608,6
"GP101","Itm2a; Tox; Satb1; Ccr9; Tmsb10; Tcf7; Id3; Malat1; Sox4; Mir142hg; Rgs10; Ikzf2; H3f3a; Xist; Ptma","H2-K1; H2-D1; Ms4a4b; Ly6a; Fxyd5; Igfbp4; H2-Q7; Ly6e; Itgb7; AW112010; B2m; Klf2; Ms4a6b; Gimap3; Tagln2","Resting-like program",0.0753362974085109,111
"GP102","Matn4; Dhx40; Taf4b; Ern1; Lsmem1; Tnfsf8; Arl13b; Aph1c; Antxr2; Rccd1; Lncpint; Elovl5; Hpcal1; Mindy2; Mast4","Dgat1; Ppp1r15a; Bhlhe40; Ikzf3","",1.26175601739331e-05,165
"GP103","Smc3; Cfap65; Ints6; Dip2b; Phtf1; Bub1b; Actr10; Ralgapa2; Cd200r3; Ube2j2; Tsga10; Kansl1l; Srbd1; Itga2; Kdm3b","Dennd4a","",1.10403651521914e-05,186
"GP104","Gzma; A26c3; Arhgap27os3; Scin; Slc7a13; Cngb3; Tacr1; Uty; Hyi; Ier5l; Unc119; Itgav; Pcgf2; Ptgr2; Leng8","Kap; Gpx3","",3.15439004348327e-06,159
"GP105","Fabp2; Mbl2; Mup7; Fhit; Spred2; Jade1; Plaa; Gstm1; Arrdc3; Stxbp3; Hace1; Nckap1l; Gamt; Rmdn1; Aven","Rbp2; Gzmk; Fabp1; Apoa1; Defa24; Defa30; Spink1; Guca2b; Clec2h; Defa38; Ckmt1; Defa39; Itln1; Apoa4; Smim22","",9.4631701304498e-06,38
"GP106","Vwc2l; Atad2; Phf20l1; Cebpb; Slc25a38; Clptm1; Rn7sk; R3hdm1; Cyfip2; Clcn3; CAAA01147332.1; Map4; Mlec; Fam168b; Apobec3","Tpt1","",1.89263402608996e-05,108
"GP107","Vim; S100a6; Cd7; Ctla2a; Fcer1g; Cd3g; Rgcc; Nkg7; Lmna; Crip1; Cd3e; Rn7sk; CT010467.1; Xcl1; Cdk8","Trmt61b; Mest; Slc25a3; Cdk11b; Foxo1; Jmy; Crem; Cwc25; Cd52; Tpm4; P2ry10; Smchd1; Zeb1; AW112010; Atp5md","",0.00401711572037594,73
"GP108","Gzmb; Ikzf3; Ifi27l2a","CT010467.1; Tpt1; Eef1a1; Cmss1; Cdk8; Tmsb4x; Rack1; Actb; H2-K1; H2-D1; Tmsb10; Fau; Pfn1; Eef2; B2m","",0.000132484381826297,32
"GP109","Smtn; Slc9a9; Gpr183; Rgs10; Trerf1; Fyb; Cdk8; Tox2; Pdcd1; Cmss1; Tcf7; Il4; Rflnb; Nav2; Filip1l","AW112010; Itga4; Gimap3; Inpp4b; Fau; Ifi27l2a; Ly6a; Cxcr3; H2-Q7; Cd3e","Activation program, CD4 biased (compared to CD8)",0.005561189646661,2
"GP110","Sostdc1; Pdcd1; Tox; Ifi27l2a; S100a6; Izumo1r; Tigit; Igfbp4; Ctsb; Cd27; Ccr7","CT010467.1; Tpt1; Tmsb4x; Cmss1; Eef1a1; Tmsb10; Fau; Cdk8; Rack1; Mir6236; Actb; H2-K1; H2-D1; Ifngr1; B2m","Activation program, CD4 biased (compared to CD8)",0.00705163894220684,32
"GP111","Edn3; Izumo1r; Cacna1d; Gpm6b; Cd200; Tnfsf8; Cd82; Ly6a; Ahnak; S100a6; Tbc1d4; Prkca; Pou2f2; Ptpn11; Nrp1","Tigit; Sh2d1a; Ikzf2; Nrgn; Ccl1; Tmsb10","",0.000458963751326815,6
"GP112","Hs6st3; Gzmk; Stfa3; Klra7; Gzmb; AU020206; Gzmg; Il10; Maf; Cd7; Glrx; Ctla4; Crip1; Cxcr3","Sostdc1; Tff1; Nrgn; Tmsb10; Pdcd1; Il1r2; Tnfrsf9; Rgs16; Id3; Aldoa; Ccl1; Cmss1; Tnfsf11; Cdk8; Klrc1","Activation program, CD4 biased (compared to CD8)",0.00192890951159002,5
"GP113","Psg28; Ccr10; Myo5a; Tpbpa; Smim13; Psg21; Eif4ebp1; Cxcl3; Cplane1; Crem; Cmtm4; Lig1; Dnmt3bos; Fam199x; Ccdc186","Pxdc1; Psg27; Il22; Prl8a8; Tmem176a; Psg16; Ceacam14; Rhoq; Il10; Tnfsf11; Got1; Psg23; Klra7; Ccl20; Ceacam12","",2.20807303043829e-05,11
"GP114","Prl3b1; Cts3; Tpbpa; Tpbpb; Ccr10; Ceacam11; Ceacam14; Prr29; Plekhh3; Rhoq; Glyat; Rsph1; Cdkn2b; Sdc1; Cfap53","Il22; Psg21; Cts6; Rhox9; Prl8a8; Fau; Psg18; Cpeb2; Zbtb39; Myl10; Ctsj; Psg26; Myo5a; Dcbld2; Vax2","",5.20474357174739e-05,22
"GP115","Prl3a1; Tff1; Col4a3bp; Il10; Klri1; Timmdc1; Gzmk; Cdkn1a; Mitf; Ppp1r14a; Rhoc; Il17a; Ctla4; Dusp16; Psg21","Prl3b1; Tpbpa; Furin; Fcer1g; Cts3; Pxdc1; Psg27; Ceacam14; Ceacam11; Prr29; Prl8a9; Tpbpb; Rarres2; Ccr10; Sdc1","",1.26175601739331e-05,34
"GP116","Ceacam13; Rhob; Tpbpa; Kri1; Sh3pxd2a; Pcgf5; Spty2d1; Phf3; Slc25a25; Lcmt1; Eif4ebp1; Megf9; Grasp; Ankrd54; Cetn3","","",1.10403651521914e-05,25
"GP117","Tnni1; Nrgn; Fcer1g; Cd7; Klhdc2; Anxa2; Il2rb; Ikzf2; Vim; Id3; Gnas; Chn2; Ctsw; S100a10; Sox5","Ccl5; Thy1; AW112010; Cd8a; Ly6e; Ly6c2; H2-K1; Ifi27l2a; Ptpn18; H2-Q7; Cd47; Ly6a; Ms4a6b; Cd5; Gimap7","",0.00328845162033131,11
"GP118","Ccnb2; Hmgb2; Hmgn2; Cenpa; H2az1; H2az2; Birc5; Selenoh; Cks1b; Stmn1; Hmgb1; Ran; Calm3; Dap; Hsp90b1","CT010467.1; Malat1; Ccl5; Cmss1; Tpt1; Fau; Eef1a1; Mir6236; Cdk8; Ubb; Nkg7; Tmsb4x; Hcst; Actb; H2-K1","Proliferation program",0.0256956612942147,24
"GP119","Myl10; S100a6; Ptcra; Crip1; Ly6d; Dgkeos; Inpp4b; Neil3; Diaph3; Klra7; Ccnd2; Rgcc; Il21r; Atp5g1; Ncapg2","Ube2c; Hmgb2; Cenpa; H19; Ccnb2; Birc5; H2az1; Tmsb10; Hmgn2; Cks1b; Tubb4b; Tff1; Hs6st2; Arpp21; Arl6ip1","",0.00173333732889406,53
"GP120","Ifngas1; Ccl5; Ly6c2; Il2rb; Nkg7; Sidt1; Ms4a4b; Epsti1; Gramd3; Ifngr1; Sell; H2az1; Ms4a4c; Fgf13; Hopx","Igfbp4; Inpp4b; Lef1; Ifi27l2a; Itgb7","",0.0247588074513002,4
"GP121","Ikzf2; Dennd4a; Rabgap1l; Chn2; St6galnac3; Prkch; Lrmda; Myo1e; Klf2; Tox; Dock10; Bcl2; AU020206; Malat1; Tmsb10","Ccl5; Gzma; AW112010; Cd7; Nkg7; Fcer1g; Gzmb; Srgn; Tyrobp; Aff3; Junb; Cd3g; Cox8a; Itm2b; Cst7","",0.0438649479446783,33
"GP122","Ptprm; Hdac9; Myb; Smc4; Slamf7; Gpr183; Slamf6; Tox; Ift80; Ms4a4b; Pde7a; Atp8b4; Clec2d; Nek7; Eomes","Cd52; Il7r; Ccl5; Satb1; AW112010; Cd2; Camk4; Cd7; Ctsw; Slfn2; Inpp4b; Fxyd5; Pag1; Cytip; Maml2","",0.00123967528708892,14
"GP123","Phactr1; Myl10; Sorcs1; Slit3; Stfa3; Dntt; Ly6d; Inpp4b; Plac8; Krt18; Rgs9; Ahnak; Malat1; Ptprk; Rgcc","Sostdc1; H2ac8; H1f5; Hdac9; Tmsb10; Hist1h2ap; Pclaf; H1f4; H4c4; Cux1; Tmsb4x; Gfra1; Ptprm; Smc4; Msi2","",0.000137215966891522,7
"GP124","Gzmk; Arhgap29; H19; Cpeb4; Supt3; Irgm2; Tmem52b; Abca5; Hs6st3; Fam221a; Trf; S100g; Spsb4; Klk1; Myzap","Ptprm; Hdac9; Ccnb2; Slamf7; Phactr1; Ifngas1; Cxcl3; Ptprk; Sostdc1; Pou2af1; Tff1; Stfa3; Dnah8; Slit3; Glis3","",0.000604065693327046,31
"GP125","Klra4; Gzma; Sostdc1; Tyrobp; Klra8; Prf1; AW112010; Klri2; Zeb2; Arsb; Tff1; Sell; Itga2; Setbp1; Adamts14","Klra7; Cd3e; S100a6; Gzmk; Ly6c2; Ikzf2; Xcl1; Klra1; Klrc1; Cd3d; Gimap3; Hopx; Cd3g; Adam19; Klra6","",0.000793329095936042,4
"GP126","Ncr1; Tyrobp; Fcer1g; Klrb1c; S100a6; Gzma; Klrc1; Klrk1; Xcl1; Klre1; Adgre5; Ahnak; Atp1b1; Itga4; Fgl2","Klra7; Ikzf2; Cd8a; Cd3e; Cd3d; Cmss1; Ly6c2; Ly6a; Cd3g; Emb; Cdk8","DN.F specific program; KLR enriched",0.00697593358116324,6
"GP127","Klra7; Gzmk; Klra1; Xcl1; Klra6; Ikzf2; Fcer1g; Klre1; Klrk1; Ldha-ps3; Klrb1c; Atp1b1; Itga4; Zfp943; Pld3","Sostdc1; Tff1; Cd8a; Pdcd1; Gzmb; Ccnb2; Ly6a; Ifngas1; Cxcl3; Tmsb10; Gzma; Ncr1; Itgb1","DN-specific program",0.0250095814597571,4
"GP128","Cav1; Ptprk; Slamf7; Anxa5; Gpr183; Epcam; Oxsr1; Mcl1; Eomes; Tspan3; Sell; Irf2; Anxa2; Krt18; Itgad","Ccl5; Cd52; Cd2; Ikzf2; AW112010; H2-D1; Junb; Itgb1; Pdcd1; Il2rb","",0.000182954622522029,13
"GP129","Slc30a3; Ucp2; Crtam; Lat; Ctsw; Eomes; Slamf7; B4galnt1; Adgre5; Xcl1; Cd82; Tnfrsf9; Dgkz; Nrgn; Penk","Ly6e; Tmsb10; Pdcd1; Ikzf2; Id3; Selenow; Anxa2; Hif1a; Malt1; Tmsb4x; Cd8a; Ldha","",0.00065611312904452,5
"GP130","Nrgn; Tnfrsf9; Ccl1; Nkg7; Anxa2; Areg; Gadd45b; Jund; Ccr7; Xcl1; Lgals3; Sdf4; Rgs16; Tnfrsf4; Rgcc","Tff1; Cmss1; Sostdc1; Cdk8; Gzmk; CT010467.1; Mir6236; Ccl5; Itm2b; Ly6e; Ly6a; Ifngr1; Hs6st3; Camk1d; Tmsb10","",0.00567001610316117,30
"GP131","Cstb; Defb8; Ier5l; Fth1; Trmt61b; Cdk11b; Rgcc; S100a7l2; Ppp1cc; Gucy2c; Map1lc3a; Lgals3; Mgll; Snhg15; Sema6d","Fabp2; Il12rb2; Nr4a1; Tmem123; Klf4; Tjp1; Pltp; Map1b; Tiam1; Zmat4; Lin54; Pdxk; Mest; Nrip3; Slc24a3","",9.4631701304498e-06,86
"GP132","Dgat2; Itgae; Fa2h; Odc1; Glud1; Pnpla5; Rora; Rheb; Slc2a3; Slc15a2; Ddx3x; Tgif1; Lmnb1; Rarres1; Nrn1","Adgrl2; Carmil1; Il12rb2","",4.7315850652249e-06,191
"GP133","Slit3; Hdac9; Slamf7; Myb; Eomes; Ptprk; Gpr183; Foxp1; Txk","Ccl5; Cd52; Cd5","",0.0007728255606534,2
"GP134","Sostdc1; Gzmk; Nrgn; Sfmbt2; Cxcl3; Slc5a3; Crip1; Arhgap36; Olfr698; Cd200; Rtl1; Ncapg2; Ralyl; Ccl1; Igkv3-1","Slit3; Stfa3; Ptprk; Setbp1; Olfm3; Tff1; Cav1","",0.000774402755675142,4
"GP135","Hspa1a; Hspa1b; Hsp90aa1; Hsp90ab1; Dnajb1; Hspa8; Hsph1; Hspe1; Dnaja1; Jun; Ubb; Klf6; Hspd1; Ubc; Nr4a1","","Stress program, Hsp family enriched",0.0393825596928886,11
"GP136","Reg4; Socs4; Adgrg5; Cnnm2; Atg10; Aldh18a1; Fabp2; Gab2; Calhm2; Klhl5; Hmgxb3; Limk1; Mir703; Fdxacb1; Trmt61b","Rbp2; Defa24; Apoa1; Fabp1; Adgrl2; Defa30; Ell2; Il1rl1; Tjp1; Ckmt1; Il13; Lyz1; Gzmk; Fermt2; Spink1","",1.7349145239158e-05,20
"GP137","Mat1a; Rcsd1; Ass1; Scp2; Tmem176b; Fcer1g; Trappc3; Klrk1; Tmem9b; Lap3; Pdzd2; Pcbd1; Rnf14; Acaa1b; Ndufb4","Serpina1e; Gzmk; Kap; Apoe; Selenbp2; Fermt2; Ocln; Hrg; Slc25a42; Mup7; Akr1c6; Chpt1; Arsg; Prox1os; Inmt","",2.83895103913494e-05,90
"GP138","Gstp1; Cttnbp2; Serpina1e; Hrg; Rbm10; Abr; Gnptab; Chpt1; Bri3; Selenbp2; Capn2; Furin; Trf; Cwc25; Akr1c6","Alb; Ass1; Hamp; Apoc3; Lap3; Gzmk; Serpina1d; Fam20b; Fbp1; Pah; Uox; Acaa1b; Snhg10; Gchfr; Ambp","",6.93965809566319e-05,6
"GP139","Abca8a; Cnot4; Mmd; Irf2bp2; Sft2d3; Csnk2a2; Rbp4; Snhg16; Ybx3; St14; Parp8; Trio; Hspb11; Atp2a2; Rnf6","Kap","",1.10403651521914e-05,148
"GP140","Aqp8; Prap1; Rab4a; Klf10; Gstm1; Ciapin1; Uox; Map3k2; Apoc3; Fabp1; Gsdme; AI854703; Arap3; Ercc6l; Vps53","Trmt61b; Areg; Gzmk; Serpina1e; Chpt1; Nfil3; Hrg; Selenbp2; Ttr; Slc25a42; Carmil1; Ocln; Cttnbp2; Mical2; Apoa1","",6.4664995891407e-05,63
"GP141","Ambp; Cttnbp2; Fam20b; Phldb2; Miga1; Ggact; Nenf; Zdhhc23; Psmg2; Pstpip2; Zfp229; Igf2bp2; Ccrl2; Mcpt4; H4c6","Serpina1d; Alb; Fabp1; Car3; Gsta3; Serpina1e; Gstm1; Optn; Pdzd2; Mat1a; Rbp4; Pign; Hgd; Slc24a3; Apoc1","",4.57386556305074e-05,32
"GP142","Cttnbp2; Serpina1d; Gzmk; Ttc36; Car10; Nhlrc3; Slc16a4; Wfs1; Kng1; Rbp4; Miox; Gucd1; Hgd; Optn; Ntf5","Alb; Ambp; Serpina1b; Tjp1; Hrg; Mup7; Apoe; Selenbp2; Ahsg; Hspa1a; Mcpt4; H4c6; Ovgp1; Uggt2; Ocln","",8.51685311740482e-05,5
"GP143","Alb; Cttnbp2; Hspa1a; Fabp2","Serpina1d; Aqp8","",0.000220807303043829,2
"GP144","Ugt2b34; Fabp2; Hspa1a; Cep83; Ccr2; Fabp6; Zbtb16; Rhoq; Vopp1; Cldn7; Lmbrd1; Snx9; Perp; Hus1; Tbcel","Defa24; Defa30; Fabp1; Rbp2; Defa38; Defa21; Defa39; Apoa1; Defa22; Gzmk; Lyz1; Itln1; Apoc3; Apoa4; Spink4","",5.52018257609572e-05,10
"GP145","Fabp2; Gzmk","Rgs1; Apoa1; Reg3b; Hspa1a","",0.00304240919693961,1
"GP146","Fabp2; Slc10a2; Fabp6; Klrh1; Ahi1; Kcmf1; Ppp1r3b; Kap; Slc16a6; Gpr141; Luzp1; Zmym4; Ddc; Lyn; Car2","Rbp2; Fabp1; Apoa1; Ckmt1; Spink1; Lgals4; Apoc3; Clec2h; Sult1b1; Gpx2; Zg16; Gda; Sult1d1; Gzmk; Adh6a","",7.88597510870817e-06,15
"GP147","Reg3g; Gzmk; Klra7","Fabp2; Phgr1; Cldn7","",0.000141947551956747,2
"GP148","Rbp2; Fabp1; Apoa1; Ckmt1; Apoc3; Clec2h; Spink1; Sult1b1; Apoa4; Guca2b; Lgals4; Smim22; Gpx2; Prap1; Gda","Fabp2; Gzma; Fabp6; Gzmb; Kap; Gpx3","",0.00100625042387116,5
"GP149","Pcdh7; Areg","","",0.00106933822474083,1
"GP150","Malat1; Tmem176b; Tmsb4x; AW112010; Ifngr1; CT010467.1; Tmem176a; Ctla4; Cmss1; Il7r; Agap1; Ddx5; Myo1e; H2-D1; Itm2b","Olfm3; Slc25a3; Crip1; Mest; Cdkn1a; Atp5md; S100a6; Anxa2; Nr4a1; Lmna; Tnfrsf9; Rn7sk; Areg; Fth1; Cstb","",0.0042694669238546,188
"GP151","Pxdc1; Lmo4; Ramp3; Sptssa; Lgals3; S100a6; Ramp1; Il7r; Rgcc","Cd163l1; H2-K1; Cd247; Ctla4; Ubb; Hopx; H2-D1; Vim; Rgs1; Pfn1; Il17a; Il21r; Ostf1; Pdcd1; B2m","Proliferation program",0.0150338229472412,2
"GP152","Ctla4; Itm2b; Il10; CT010467.1; Tmsb4x; Maf; Malat1; Icos; Rgs1; Cmss1; Tpt1; Ifngr1; Ly6a; Ccr2; Actb","Ccl5; Tnfrsf9; Cd8b1; Cd83; Rel; Cd52; Cd74; Nr4a2; Cd8a; Pdcd1; Gramd3; Ikzf2; Ccr7; Nkg7; Pglyrp1","Activation program, CD4-biased; Ctla4, Il10",0.0135023665811301,86
"GP153","Sox13; Crip1; Blk; Ccr9; Maf; Cd247; Cd163l1; Etv5; Slc9a9; St6gal1; Exoc4; Ifngr1; Gzma","Lck; Cpa3; Shisa5; Ccl5; Satb1; Cd2; Tcf7; Cd5; Cd28","",0.00605642888348787,1
"GP154","Ccr7; Ifi27l2a; Myl10; Plac8","CT010467.1; Ccl5; Tpt1; Cmss1; Cdk8; Eef1a1; Actb; Gzma; Tmsb4x; Fau; Pfn1; Malat1; Mir6236; Rack1; H2-D1","",0.000422688265826758,27
"GP155","Gzma; Cdk8; Tcf7; Eef2; Gas5; Ccr9; Eef1a1; Gzmb; Itgae; Eif3f; Rn7sk; Cd8b1; Ccr7; CT010467.1; Dntt","Tmsb4x; H2-K1; Cd52; Tmsb10; Tagln2; AW112010; Bhlhe40; Ms4a4b; Vim; Pfn1; Rgs1; Lcp1; Actg1; Ifngr1; Mir6236","",8.67457261957898e-05,102
"GP156","Hs3st1; Hilpda; Zfp36l1; Ldha; Ptpn13; Hes1; Abhd17c; Dusp1; Slc25a3; Itm2b; Ipmk; Sub1; Calca; Lmo4; Gpx4","Il1rl1; Crip1; S100a6; Odc1; Hopx; S100a10; Tmsb10; Lmna; Thy1; Cmss1; S100a11; Pxdc1; Vim; Lgals1; Ifi27l2a","",0.000619837643544462,6
"GP157","Dcn; Ctla2a; Rarres2; Gpx3; Igfbp7; Sparc; Mt1","Lmcd1; Smim17","",0.000189263402608996,2
"GP158","Emx2os; Plp2; Hacd2; Os9; Eif4enif1; Kmt5b; Dcaf1; Fzd6; Qsox1; Rapgef5; Nbeal1; Arhgap18; Dcxr; Tcf20; Il10rb","Kap; Cdk8","",9.4631701304498e-06,186
"GP159","Il1rl1; CT010467.1; Il7r; Cmss1; Cdk8; Eef1a1; Mir6236; Tpt1; Tmsb4x; Tmsb10; Il31ra; Gata3; Rora; Camk1d; Eef2","Ccl5; Gzmb; S100a6; Anxa2; Nkg7; Il10; Odc1; Ctla4; Lgals1; Capg; Il2rb; Maf; Lag3; AW112010; Ccl4","Th2-like program capturing Il1rl1 (with GP56)",0.0101319008196683,12
"GP160","Erv3; Slc39a8; Bambi; Ccrl2; Zdhhc11; Mmp19; Igkv14-126; Grk5; Gch1; Adam9; Rrad; Plcd1; Mxra7; Scgb1a1; Itga7","Hspa1a; Lmcd1; Hspa1b; Cryab; Dcn; Gpx3; Fabp4; Prl8a2; Rarres2; Il17a; Tfpi2; Sparc; Fstl1; Pxdc1; Ramp3","",3.15439004348327e-05,23
"GP161","Il17a; Junb; Pdcd1; Rgs1; Nr4a1; Ramp1","Gzmb; AW112010; Cxcl3; Gzma; Ly6a; Pxdc1; Ccl5; Ifngr1; Il10; Nkg7; S100a6","IL-17-associated program also linked to TCR activation",0.0127878972362812,2
"GP162","Il22; Ly6a; Ermn; Il1r2; Cyb5a; Ifitm3; Atp1b2; Stat4; Ifng; Txnip; Cd163l1; Gimap6; Ern1","Il17a; S100a6; Crip1; Pxdc1; Lgals1; S100a10; S100a11; Tmsb4x; Capg; Gzmb; Junb; Nr4a1; Ramp1; Vim; Maf","Il22 program independent of Il17",0.0226627152674055,19
"GP163","Laptm5; Cd52; Cd3g; Il2rg; Cd3e; Itm2b; Malat1; Lcp1; Shisa5; Actb; Fxyd5; Cd3d; H2-K1; Ptprc; Ly6e","Cmss1; Tpt1; Rack1; Ccl5; Cdk8; Eef1a1; H2az1; Ubc; Eef1b2; Eef2; Mir6236; Uba52; Filip1l; Gas5; Ly6c2","wM program",0.156303181044639,107
"GP164","Msln; Clu; Os9; Pet100; Nap1l1; Ctsl; Cd63; Dctn4; Patz1; Cnot3; Pum3; Crebrf; Zhx2; Spp1; Wfdc2","Lmcd1; Smim17; Il1r2","",1.89263402608996e-05,15
"GP165","Kcnq5; Fam171b; Trim69; Cxcl2; Vmp1; Picalm; Lamc1; Ddr2; Fam129a; Il1r2; Rfx3; Mpp7; Apaf1; Lyg1; Ppp1r10","Ccr8","",7.88597510870817e-06,123
"GP166","Fau; Tmsb10; Uba52; Malat1; Serf2; Snrpg; Cox7c; Atp5e; Cd52; Cox6c; Tmsb4x; Tomm7; Atp5mpl; Ndufa3; Uqcrh","Cdk8; Cmss1; H2-D1; H2-K1; Vim; Tagln2; Mir6236; Klf2; Itm2b; Cnn2; Jund; Hexb; Selplg; Pkm; Psmb8","oxidative phosphorylation program",0.390223283499228,72
"GP167","Igkv17-127; Igha; Igkv3-2; Igkc; Iglv1; Igkv15-103","","Immunoglobulin program",0.00087849762711009,1
"GP168","Igkv1-133; Ighv6-3; Pnrc1; Igkv6-15; Hsp90ab1; Dennd4a; Tnfaip3; Vim; Ccl5; Igha; Tmsb10; Rgs1; Junb; Nfkbia; Fau","Ifi27l2a; Ubc; Itgb1; Jun","Immunoglobulin program",0.00072393251497941,2
"GP169","Gzmb; Gzma; Gzmk; Stfa3; Tff1; Nts; Ccl5; Cxcl3; Pxdc1; Galm; AU018091; Nkg7; Pak2; Klf2; Klf3","Sostdc1; Klra7; Camk1d; Xcl1; Cd52; CT010467.1; Thy1; Bhlhe40; Odc1; Klra1; Hspa1a; Igkv1-133; Il22; Igkv17-127; H2-K1","",0.0101003569192334,14
"GP170","Gzma; Rora; Lat; Ccr9; Atxn1; Cdk8; Abcb1a; CT010467.1; Dtx1; AW112010; Srgn; Itgae; Gzmb; Cmss1; Hspa5","S100a6; Ly6c2; Fcer1g; Tmsb10; Tyrobp; Bcl2; Il2rb; Lef1; Klrd1; Anxa2; Nfkbia; Bach2; Cd2; Crip1; Vim","Activation program",0.218156038212281,105
"GP171","Igfbp4; Ccr7; Limd2; Arhgef1; Lef1; Ifi27l2a; Dgka; Cnn2; Cd52; Tcf7; Lat; Arhgap45; Npc2; Tspan32; Tle5","Ccl5; CT010467.1; Cmss1; Srgn; Cdk8; Nkg7; S100a6; Tpt1; Mir6236; Gzma; Tmsb4x; Ly6c2; S100a10; AW112010; Crip1","Resting-like program; Ccr7, Lef1, Tcf7, Klf2; CD62L+ CD44lo by CITEseq across resting CD4, CD8, Treg; anti-correlated with CD69 by CITEseq",0.946988898124242,27
"GP172","Prl3b1; Cts6; Il22; Hsd17b2; Shank1; Catsperd; Ctsj; Zfp64; Thumpd1; Dcaf17; Snrnp35; Ctsq; Il1r2; Ifi44; Mast1","Tpbpa; Tpbpb; Ceacam11; Cts3; Ceacam14; Prl8a9; Ccr10; Psg27; Flt1; Prl2c5; Tmsb10; Krt8; Rhox9; Dact1; Rgs9bp","",3.78526805217992e-05,8
"GP173","Egr3; Egr1; Nr4a1; Nfkbid; Zfp36l1; Srgn; Nr4a3; Tagap; Dusp2; Myc; Cd69; Id3; Egr2; Ier2; Rilpl2","Klf2; Ccr7; Ifngr1; Grap2; Tsc22d3; Txnip; Gramd3","early TCR activation program",0.00983696535060257,10
"GP174","Nfkbia; Ltb; Ly6a; H2-K1; Irf1; Pim1; Stat1; Cd82; Traf1; Relb; Icam1; Ifi27l2a; Ly6e; Cyba; Bcl3","Vim; S100a6; Zfp36l2; Thy1; Tmsb4x; S100a10; Ucp2; Klf2; Rgs10; Tsc22d3; Crip1; Cd28; Arhgdib; Skap1; Klf6","Activation program; ISG and NFkB pathway",0.209495660347898,41
"GP175","Stk39; B4galt1; Brwd1; Cdh1; Defa21; Kit; Zmynd8; Ppp1cb; Trip11; Asb2; Cdkl3; Wdr41; Ocrl; Mthfs; Ubr2","Fau; Defa24; Defa30","",4.7315850652249e-06,354
"GP176","Ccl3; Ccl4; Ccl5; Nr4a2; Nkg7; Gzmb; Ifng","CT010467.1; Tmsb10; Ly6e; Cmss1","CD8-biased chronic-activation program; Nr4a1, Nr4a2, Lag3, Tigit, Tox, Pdcd1",0.0317268550573547,3
"GP177","Cxcl3; Crip1; CT010467.1; Lmna; Ramp3; Itgb1; Fth1; Vps37b; Rora; H2az1; Rgcc; Nr4a1; Zfp36l2; Tmsb10; Dennd4a","Il22; Ctla4; Ly6a; Gzmb; AW112010; Il10; Itm2b; Maf; Jun; Capg; Pde5a; Arl6ip1; Ccl20; Tigit; Cyb5a","Activation program (CD4 biased compared to CD8)",0.0418776822172839,32
"GP178","Car6; Dusp2; Gzmk; Jaml; Il22; Fam210b; Zfp683; Camk2g; Fosb; Atl2; Scgb1b27; Stx12; Aktip; Hist1h2ap; Ints10","Cxcl3; Hspa1a; Sostdc1","",5.67790207826988e-05,3
"GP179","Mxd1; Pla2g2f; Il4; Fgl2; Golim4; Cd163l1; Bag3; Ifng; Nr4a1; Hpse; G2e3; Zfp652; Kctd12; Cd38; Rell1","Myo1e; Carmil1; Kir3dl1; Sema6d; Echdc2; Prox2; Zmat4; Rgs2; Map1b; Gcsam; Enox1; Mpp6; Rgs1; Dock4; Klrb1b","",7.88597510870817e-06,158
"GP180","Lmo1; Ccl5; Nkg7; Ccl4; Cd8a; Eomes; Cd7; Ms4a4b; Cst7; Tox; Jun; Psmb8; Sh2d1a; Gapdh; Sp100","Ly6c2; Ifi27l2a; Gzmb; Gzma; H2-D1; S100a6; Inpp4b; Itgb1; Plac8; Icos; Dnajc15; Epsti1; Sh3bgrl3; Rgs1; Itgb7","",0.00290361603502635,3
"GP181","Gzmk; Ccl5; Nkg7; Cd8b1; Gzma; AW112010; Ms4a4b; Itga4; Cd8a; Ctsw; Ctsd; Ccl4; Gimap7","CT010467.1; Tpt1; Tmsb10; Tmsb4x; Cmss1; Eef1a1; Actb; Mir6236; Pfn1; Fth1; Cdk8; Hsp90ab1; Fau; Ptma; Ppia","Gzmk-led program preferentially induced in activated CD8 (compared to CD4)",0.0774828598331012,7
"GP182","Ifitm1; Ifitm3; Ifitm2; Lgals3; S100a6; Ly6a; Lgals1; Klrd1; Plac8; Gzma; Il7r; Klrc1; Itgb1; Cd8b1","Ifi27l2a","ISG program",0.00673146835279329,2
"GP183","Gzmf; Gzmb; Prf1; Ly6c2; Mt1; Pdcd1; Lgals3; Tmsb10; Hilpda; Vps37b; Aldoa; Dusp5; Klrd1; Il2rb; Bhlhe40","Xcl1; Crip1; Srgn; Ifi27l2a; Inpp4b; Ccl5; Rgs1; Ndfip1; Penk; Ccl1; Cd7","",0.0010456802994147,3
"GP184","Tff1; Klra7; Sostdc1; Il22; Il1r2; Serpine2; Cd160; Il17a; Gzmk; Thy1; Ctsw; Hs6st3; Hs6st2; Gem; Klra1","Gzmf; Gzmg; Ccl3; Gzma; Ifitm1; Gzmc; Spp1; Tnfrsf9; Gzmb; Lgals3; Ccl4; Cxcl3; Tnfrsf4; Mt1; Gadd45b","",0.00026023717858737,16
"GP185","Vwde; Ext1; Malt1; Pdcd1; Arid5b; Ikzf2; Ppp1r14b; Ly6a; Tox; Tox2; H2-Q7; Tasp1; Nab1; Lgals1; Spp1","Hs6st3; Tpt1; Slamf6; Nrgn","",0.000187686207587254,1
"GP186","Hoxb5; Sostdc1; Xcl1; Maf; Ramp1; S100a4; Dgki; Timp2; Capg; Cxcl3; Ntng1; Il17a; Lmna; Lgalsl; Cacna2d3","Gzmk; Hs6st2; Gzma; Penk; Gpm6b; Hs6st3; Cd200; Plagl1; Il22; Nrn1; Il1r2; Farp1; Cacna1d; Marcksl1; Creb3l2","",7.88597510870817e-06,29
"GP187","Il22; Sostdc1; Tff1; Ly6a; Il1r2; Ctla4; Ostf1; Elmod1; Il2rb; AW112010; Ermn; Pde5a; Cyb5a; Il17f; Aldoa","Gzmk; Cxcl3; Stfa3; Lmna; CT010467.1; Crip1; Ms4a4b; S100a11; Il7r; Ramp1; Itga4; Vps37b; Samsn1; Atf3; Rgcc","Activation program (CD4 biased compared to CD8)",0.0018942112211117,11
"GP188","Hs6st2; Cd34; H19; Hmgn2; Tyrobp; Hmgb2; Ccnb2; Rnf220; Birc5; Cenpa; Cks1b; Stmn1; Sox4; CT010467.1; Ube2c","Mki67; Cd3g; Top2a; Diaph3; Gata2; Ifitm1; Knl1; Bcl11b; Bcl2; Neil3; Themis; Myl10; Ifngr1; Cenpp; Lgals1","",6.78193859348902e-05,101
"GP189","Gzmk; Hs6st2; H19; Cpa3; Gata2; Tff1; Hs6st3; Apoe; Tpsab1; Epcam; Hdc; Plxdc2; Arpp21; Srxn1; Rab34","Cd34; Olfr91; Ifitm1; Klra7; Lrmda; Angpt1; Il1rl1; Adgrl4; Ifitm2; Napsa; Adgrg3; Hhex; Olfm5; Elmod1; Nrgn","",0.000209766937891637,14
"GP190","Dcpp1; Dusp2; S100a6; Egr1; Dcpp2; Kmt2c; Dennd4a; Xcl1; Isg20; Zc3h18; Rgs1; Dok2; Slamf7; Gng2; Armc7","Eef1b2","",1.89263402608996e-05,20
"GP191","Prl8a2; Ctla2a; Cryab; Procr; Gpx3; Fgf13; Kdm6b; Dus2; Cystm1; Gatm; Neto2","Tmsb10","",7.57053610435984e-05,4
"GP192","Gzmc; Gzmb; Xcl1; S100a6; Fcer1g; Tyrobp; Ctsw","Ccl5","",0.00908306613021007,2
"GP193","Ccn3; Ero1l; Ctla2a; Rarres2; Slpi; Uhrf2; Lum; Gpx3; Cpe; Itgav; Xpo5; Ptpn13; Alg3; Plekhf2; Smoc2","Igfbp7","",1.89263402608996e-05,17
"GP194","Lmcd1; Smim17; Hspa1a; Lgals3; Cryab; Fstl1; Acod1; Prkab2; Fabp4; Ctsb; Hc; Clec7a; Pdgfa; Snapc1l; Tfpi2","Prl8a2; A2m; Erv3; Cd63","",0.00021292132793512,1
"GP195","Mup15; Tex2; AU020206; Ddx42; Dnajb1; Arid2; Osbpl3; Swt1; Gbf1; Sla2; Suco; Isy1; Mark3; Frmd5; Ptpn5","Itpkb","",2.20807303043829e-05,40
"GP196","Krt14; Gzma; Cmss1; Zg16; Hsp90ab1; Cd7; Gphn; Krt5; Gzmb","Rn7sk; Xist","Sex-specific program; Xist down, Eif2s3y and Ddx3y up",0.000999941643784196,2
"GP197","Gzmk; Defa24; Cyp2c50; Il22; Defa30; Kap; Defa39; Defa38; Fkbp4; Cox6c; Il17a; Lgals3; Atp5g3; Top1; Ube2b","Hspa1a; Gzmc; Cxcl3; Fabp2; Defa41; Hspa1b; Ostf1; Gzmg; Olfm3; Rap1b; Clps; Cyp51; Ccl3; Tjp1; Il1rl1","",0.000675039469305419,14
"GP198","Idi2; Cd81; Tnfsf11; Tnfsf9; Ccl1; Cd83; Cd74; Cd9; Synj2; Nfkb2; Tspan3; Cd70; Scin; Ier3; Krt17","Ctla4; Rgs16; Tff1; Nrgn; Spp1; Dusp4; C2cd4b; Ermn; Havcr2","",4.41614606087657e-05,10
"GP199","Tff1; Sostdc1; Ccl5; Ikzf2; AW112010; Il22; Ctsw; Il1r2; Gzmg; Cd74; Batf; Ltb; Cmss1; Cdk8; Cd83","Gzma; Gzmb; Il10; Ikzf3; Ramp3; Gadd45b; Icos; Odc1; Maf; Tnfsf11; Rgs1; Cxcl3; Lmna; Itm2b; Rgcc","Activation program",0.00771879243640355,36
"GP200","Lor; Dlat; Pop4; Slc39a6; Marchf5; Tmem115; Cables2; Iffo2; Prpf6; Abt1; Wdr11; Ifitm2; Dhrs11; Spg7; Bmi1","Crem; Kcnma1; Slc16a10; Map2; Agap1; Mest; Map1b; Gla; Trpm6","",1.89263402608996e-05,14
