"GP","Annotation","Lineage","Cluster","Tissue","Top Genes +","Top Genes -","Top Proteins +","Top Proteins -"
"GP1","Baseline gene expression GP","","CD8.K; CD4.X; CD4.Y; CD4.P; Treg.P; gdT.B; gdT.C; gdT.D; gdT.P; CD8aa.C; CD8aa.D; CD8aa.E; CD8aa.P; DN.P; DP.wY; DP.wP","","CT010467.1; Tmsb4x; Actb; Tmsb10; Eef1a1; Tpt1; Fau; Pfn1; Ppia; Malat1; H2-K1; Cmss1; Cdk8; H2-D1; Hsp90ab1","","THY1.2; CD45RB; CD5; CD2; CD55.DAF; CD44; CD11A; CD27; CD4; CD73.5NTD; CD62L; ITB7; CD31; IL7RA.CD127; CD103",""
"GP2","","","CD8.wM; CD4.wM; Treg.wM; gdT.E; gdT.wM; CD8aa.wM; Tz.wM; DN.wM; DP.wC; DP.wM","","Arhgap15; Dock2; Mbnl1; Inpp4b; Foxp1; Ptprc; Elmo1; Maml2; Malat1; Themis; Skap1; Ankrd44; Bach2; Aff3; Zbtb20","Tmsb10; Tmsb4x; Fau; Pfn1; Ppia; Eef1a1; Tpt1; Cd52; Actb; Eef1b2; Fth1; Limd2; Naca; Coro1a; Rac2","CD45RB; THY1.2; CD44; CD24; CD27; ITAM.CD11B; TCRGD; CD69; CD160; KLRG1; CD103; CD38; CD55.DAF; CD29; IL7RA.CD127","CD4; ICOS.CD278"
"GP3","gdT/CD8aa IEL specific","","gdT.A; gdT.B; gdT.C; gdT.D; gdT.E; gdT.F; gdT.Z; gdT.P; CD8aa.C; CD8aa.D; CD8aa.E; DP.wY","small intestine epi","Gzma; Cd7; Ccl5; Fcer1g; Tyrobp; Rgs1; Gzmb; Cd8a; Junb; Nkg7; Dapk2; Ctsw; Itgae; Nr4a2; Chn2","Tmsb10; Tpt1; CT010467.1; Actb; Tmsb4x; Eef1a1; Ms4a4b; Fau; Rack1; Pfn1; Ltb; Lgals1; Eef1b2; Cd52; Coro1a","CD38; CD8A; ITB7; CD39; CD73.5NTD","THY1.2; CD5; CD2; CD11A; CD44; SCA1; CD55.DAF; ICOS.CD278; CD62L; CD4; CD27; KLRG1; CD31; CD8B; CD155.PVR"
"GP4","","","CD4.wN","","Tmsb10; Fau; CT010467.1; Pfn1; Ppia; Limd2; Rac2; Ubb; Ccl5; Arhgdib; Fth1; Actb; Ptpn18; Naca; Eif3f","Dock2; Rack1; Arhgap15; Myh9; Ptprc; Dock10; Cdk8; Ahnak; Prkch; Akap13; Ripor2; Ikzf1; Mbnl1; Grap2; Cmss1","CD5; CD45RB; CD55.DAF; CD4; CD31; THY1.2; CD73.5NTD; FR4; SCA1; CD38; CD2; CD11A; CD69; CD86; CD8A",""
"GP5","","","CD8.K; CD8.P; CD4.P; Treg.P; gdT.P; CD8aa.P; Tz.P; DN.P; DP.wP","","H2ac8; H1f5; H1f4; H4c4; Hist1h2ap; H1f3; H2ax; Top2a; CT010467.1; Pclaf; Ptma; Tuba1b; Tubb5; Birc5; Hmgb2","Igfbp4; Cnn2; Limd2; Ccr7; Cd52; Ifi27l2a; Ltb; Ftl1","CD8A; CD8B; CD73.5NTD; CD38; CD103; CD45RB; ICAM1; ITB7; CD29; CD44; CD69; CD49B; CD24; CD11A; CD160","CD4; CD62L"
"GP6","","","CD8.K; CD4.T; CD4.U; CD4.X; CD4.Y; CD4.P; Treg.D; Treg.E; Treg.P; gdT.Q; gdT.R; gdT.S; gdT.T; gdT.U; gdT.V; gdT.X; gdT.Z; Tz.D","skin","S100a6; Gzmb; Lgals1; Vim; Crip1; Ctla4; Odc1; Lmna; Ahnak; Maf; Il10; Capg; Ccl5; Ikzf3; Icos","Tmsb10; CT010467.1; Eef1a1; Cmss1; Cdk8; Tpt1; Limd2; Rack1; Tcf7; Klf2; Lef1; Il7r; Actb; Arhgap15; Eef1b2","ITAM.CD11B; CD86; CD39; GR1-LY6G-LY6C1-LY6C2; GITR.CD357; ITAX.CD11C; ITB7; CD38; TCRVG2; CD24","THY1.2; ICOS.CD278; KLRG1; CD5; CD31; CD27; NEUROPILIN1.CD304; CD44; CD160; BTLA.CD272; LY108; CD55.DAF; B220; TCRGD; CD73.5NTD"
"GP7","","","gdT.Z; DP.wG","","CT010467.1; Ccl5; Cmss1; Cdk8; Crip1; Tpt1; Mir6236; Eef1a1; Gzma; Malat1; Srgn; Hsp90ab1; Nkg7; Tmsb4x; Fau","Igfbp4; Ccr7; Limd2; Ifi27l2a; Cd52; Cnn2; Arhgef1; Dgka; Klf2; Tspan32; S1pr1; Cytip; Lef1; Rasgrp2; H2-T22","THY1.2; CD45RB; CD24; CD29; CD73.5NTD; CD38; CD103; CD44; CD8A; ICAM1; ITA4.CD49D; TCRGD; CD27; NEUROPILIN1.CD304; CD160","CD4; CD62L"
"GP8","","","gdT.X; gdT.Z","skin; CNS","Fth1; S100a6; Thy1; Ctla2a; Gem; Areg; Tmsb10; Trat1; Vim; Slc25a3; CT010467.1; Cdk11b; Fermt2; Trmt61b; Rn7sk","Ccl5; Gzma; Gzmb; AW112010; Tyrobp; Cd8a; Ikzf2; Ikzf3; B2m; Chn2; Fgl2; H2-K1; Il21r; Srgn; Pim1","TCRVG3; CD2; CD4; CD44; TCRGD; CD155.PVR; ICOS.CD278; SCA1; CD11A; CD24; GITR.CD357; LY49A; THY1.2; IL2RA.CD25; LY108","CD73.5NTD; CD38; CD8A; CD45RB; CD8B; CD5; CD160; B220; ITA4.CD49D; TCRVG2; CD39; CD69; CD80"
"GP9","IGT13/14 Batch effect","","CD8.wU; CD8.wV; DP.wC; DP.wE","","Cdk8; Cmss1; CT010467.1; Eef2; Myh9; Hexb; Msn; Mir6236; Filip1l; Ucp2; Malat1; Ddx5; Actb; Camk1d; Hnrnpu","Tmsb10; Fau; Tmsb4x; Cd52; Eif1; Atp5e; Ftl1; Ptpn18; Naca; B2m; Eef1b2; Cox8a; Ltb; Ifi27l2a; Uqcrh","CD45RB; CD4; CD5; CD62L; CD55.DAF; CD2; CD27; THY1.2; CD8A; CD31; IL7RA.CD127; ITA4.CD49D; CD11A; ITB7; FR4",""
"GP10","cytotoxicity","","CD8.H; CD8.I; CD8.K; CD8.wY; CD4.S; DN.F","","Ccl5; Gzma; Lgals1; Nkg7; Ly6c2; S100a6; Klf2; Cd8b1; S100a10; Klrg1; Gzmb; Ctsd; Ahnak; Cx3cr1; S1pr5","Ly6e; Ltb; Tcf7; Eef1b2; Eef1a1; Inpp4b; Ifi27l2a; Limd2; Ccr7; Tpt1; Igfbp4; Rack1; Lef1","KLRG1; CD8B; CD8A; ITAX.CD11C; ICAM1; ITA4.CD49D; CD29; CD11A; ITAM.CD11B; CD38; CD39; CD49B; CD45RB; SLAM.CD150; CD80","CD4; CD62L; CD5; CD31; CD55.DAF; FR4; GITR.CD357; CD27; CD73.5NTD; IL7RA.CD127; ICOS.CD278; LY108; BTLA.CD272"
"GP11","resting recirculation","","CD4.X","lung; placenta; kidney","Vps37b; Gramd3; Dusp10; Junb; Ccr7; Ifngr1; Pnrc1; H3f3b; Srgn; Btg1; Eif1; Emb; Jund; Tnfaip3; Itk","Cd52; Ltb; Ptprcap; Mir142hg; Pfn1; Ccnd3; Emp3; AW112010; Ly6e; Ddit4; Clec2d; Ripor2; Psmb8; Thy1; Actb","CD45RB; CD5; CD2; CD31; CD55.DAF; CD8A; SCA1; LY108; IL7RA.CD127; CD29; THY1.2; CD73.5NTD; ICOS.CD278; CD4; ITA4.CD49D","CD27; CD44; CD80"
"GP12","exh specific CD4, CD4HI","","CD8.C; CD8.wX; CD4.E; CD4.G; CD4.H; CD4.I; Treg.B; Tz.C; DN.A; DN.G","","Izumo1r; Cdk8; Tox; Tbc1d4; Pdcd1; Cmss1; Srgn; Ucp2; Ctsb; Rabgap1l; Nfatc1; Sh2d1a; Ikzf2; Cd82; Prkca","Crip1; Ccl5; Satb1; Igfbp4; Selplg; Klf2; Lef1; Tmsb10; Vim; Il7r; Ifngr1; Cytip; Sell; Npc2; Ccr7","FR4; CD73.5NTD; ICOS.CD278; CD38; NEUROPILIN1.CD304; CD11A; LY108; GITR.CD357; CD69; CD27; SLAM.CD150; BTLA.CD272; CD5; KLRG1; CD80","CD62L; CD45RB; CD8A; CD55.DAF; CD8B; ITB7; LY49A; IL2RA.CD25; CD24; ITAX.CD11C; ITAM.CD11B; CD49B; GR1-LY6G-LY6C1-LY6C2"
"GP13","","","CD4.Y; gdT.Q; gdT.R; gdT.S; gdT.T; gdT.U; gdT.V; Tz.D","","Tmem176b; Tmem176a; Il7r; CT010467.1; Cd163l1; Ckb; Cxcr6; Ifngr1; Selenop; Cdk8; Ramp1; Mir6236; Blk; Serpinb1a; S100a10","Ms4a4b; Inpp4b; Ctla4; Ifi27l2a; Cd2; Lck; Ly6a; Gzmb; Cd28; Nkg7; Fyb; Il10; Cd4; AW112010; Igfbp4","CD44; TCRGD; CD73.5NTD; NEUROPILIN1.CD304; THY1.2; CD103; IL7RA.CD127; ICOS.CD278; CD11A; CD29; CD160; CD31; B220; KLRG1; CD38","CD4; CD62L; CD86; SCA1; CD2; CD5; GITR.CD357; FR4; CD45RB; CD39; ITAM.CD11B; GR1-LY6G-LY6C1-LY6C2; ITAX.CD11C; ITA4.CD49D"
"GP14","","","DP.wF; DP.wG","","Cd8b1; Cd8a; Satb1; Rag1; Themis; Arpp21; Ssbp2; Cd4; Ccnd3; Tcf7; Camk4; Mier1; Rmnd5a; Znrf1; Hmgb1","H2-K1; Crip1; H2-D1; B2m; Eef1a1; Ccl5; Cdk8; Tpt1; Gzma; Rack1; Ptcra; CT010467.1; Cmss1; Srgn; Eef1b2","CD8B; CD8A; CD155.PVR; CD4; SLAM.CD150; CD24; CD11A","ITB7; SCA1; CD44; CD73.5NTD; CD55.DAF; CD38; CD45RB; CD103; ITA4.CD49D; ICAM1; GITR.CD357; IL2RA.CD25; ITAM.CD11B; KLRG1; CD86"
"GP15","","","CD8.D; CD8.F; CD4.F; Treg.C; gdT.X; DN.G; DN.H; DP.wH","","Eif5a; Npm1; Hsp90ab1; Ncl; Mif; Ptma; Ran; C1qbp; Hspd1; Pa2g4; Hspa8; Eif4a1; Srm; Hspe1; Ybx1","Malat1; Tmsb4x; Itm2b; Cd52; Ypel3; Ifi27l2a; Shisa5; H2-D1; Ltb; Arhgap45; Arhgap15; Ripor2; H2-K1; Tmsb10; Selplg","CD8B; IL2RA.CD25; CD8A; ICAM1; CD69; CD73.5NTD; CD24; CD38; CD45RB; ITAX.CD11C","CD4; CD62L; SCA1; CD5; CD31; ITB7; CD2; FR4; THY1.2; CD55.DAF; CD11A; CD86; SLAM.CD150; GITR.CD357; CD27"
"GP16","","","CD8.F; CD8.wY; CD4.D; DN.I; DN.J","","Ifi27l2a; Isg15; Ly6a; Bst2; Stat1; Irf7; Ifit3; Ifit1; Zbp1; Ifi47; Rtp4; Rnf213; Slfn1; Samhd1; H2-T23","Thy1","SCA1; ICOS.CD278; CD4; CD11A; CD5; CD155.PVR; CD31; CD49B; CD69; CD86; GITR.CD357; CD2; ICAM1; SLAM.CD150; NEUROPILIN1.CD304","CD38; CD8A"
"GP17","","","","CNS","Ifi27l2a; Atp5e; Tmsb4x; Ripor2; Lef1; Tmsb10; Chd3; Rbm39; Bach2; Arhgap15; H2aj; Foxp1; Arhgap45; Cd52; Btg2","Actg1; Ubb; Hspa8; Eef1a1; Il31ra; Gapdh; Hexb; Camk1d; Vim; Eif3f; Uba52; Btf3; Naca; Cdk8; Eif3h","CD24; SCA1; ITAM.CD11B; CD38; GR1-LY6G-LY6C1-LY6C2; CD2; CD4; FR4; ITAX.CD11C; CD86; CD39; LY49A; ITA4.CD49D; CD45RB; CD155.PVR","CD44; THY1.2; KLRG1; CD103; ITB7; ICOS.CD278; CD73.5NTD; TCRGD; CD27; CD160; B220; CD49B; NEUROPILIN1.CD304; TCRVG2; SLAM.CD150"
"GP18","","","","","Cpa3; CT010467.1; Crip1; Ccl5; Tmsb10; Tpt1; Nkg7; Tmsb4x; Cdk8; S100a10; Gzma; Srgn; Eef1a1; Cmss1; Ccr9","Ifi27l2a; Ccr7; Ly6d; Rgcc; Limd2; Inpp4b; Myl10; Satb1; Cd3d; Lef1; Tspan32; Slfn1; Gimap3; Lck; Dgka","ITB7; CD27; THY1.2; CD62L; CD103; CD8A; CD73.5NTD; CD11A; CD45RB; CD8B; CD5; CD24; KLRG1; CD2; TCRGD","IL2RA.CD25; CD4; FR4; CD55.DAF"
"GP19","","","","","Prl8a9; Tpbpa; Psg21; Prl3b1; Creg1; Psg27; Tpbpb; Psg18; Rhox9; Prl8a8; Prl7a2; Ceacam11; Psg23; Psg19; Psg16","Cts6; Ccr10; Cts3; Hsd17b2; Plekhh3; Cdkn2b; Rsph1; Shank1; Catsperd; Tktl1; Zfp212; Tubb4b-ps1; Rgs9bp; Dact1; Cenpm","CD86; CD8B; CD4; GITR.CD357; LY49A; CD24; CD29","CD62L; THY1.2; FR4; CD55.DAF; SCA1; CD5; ITB7; CD44; KLRG1; ITAX.CD11C; CD103; CD27; ICAM1; CD45RB; TCRGD"
"GP20","","","CD8.K","","Cenpa; Ube2c; Cdc20; Cenpf; Arl6ip1; Vim; Tubb4b; Hmgb2; Aspm; Ccnb2; Cks1b; Ccnb1; Hsp90b1; Dynll1; Hmmr","H2ac8; H1f5; H1f4; Hist1h2ap; H1f3; H4c4; H1f1; H3c6; H1f2; Rrm2; H2ac20; H3f3b; H2ac4; H2bc11; Pclaf","","CD8B; CD8A; CD45RB; CD55.DAF; ITB7; CD73.5NTD; CD38; CD62L; CD5; CD31; CD69; THY1.2; CD103; IL7RA.CD127; ITA4.CD49D"
"GP21","","","CD8.P; CD4.P; Treg.P; CD8aa.P; Tz.P; DN.P; DP.wP","","Mcm3; Mcm6; Dut; Hells; Mcm5; Mcm4; Lig1; Mcm2; Mcm7; Pcna; Slbp; Hmgb2; Tipin; Dnmt1; Uhrf1","CT010467.1; H2ac8; Malat1; H1f4; H1f5; Cmss1; H4c4; Fau; Tpt1; Tmsb10; H2-K1; Tmsb4x; Hist1h2ap; H1f3; Ccl5","","CD45RB; CD73.5NTD; CD55.DAF; THY1.2; CD5; CD62L; ITB7; CD8A; CD2; CD103; CD44; CD31; IL7RA.CD127; CD38; CD27"
"GP22","DN specific","DN","CD8.wV; CD4.wZ; gdT.G; CD8aa.B; CD8aa.E; Tz.B; DN.B; DN.C; DN.D; DN.E; DN.F; DN.I; DN.wM; DP.wD; DP.wE","mammary gland","Klra7; Fcer1g; Ccl5; Cd7; Xcl1; Klrd1; Tyrobp; Ctsw; Il2rb; Anxa2; Klra1; Klre1; Klrk1; Ikzf2; Ly6c2","CT010467.1; Cdk8; Tpt1; Cmss1; Actb; Tmsb4x; Eef1a1; Mir6236; Fau; Malat1; Hsp90ab1; Rack1; H2-K1; Pfn1; H2-D1","LY49A; CD49B","THY1.2; CD5; CD4; CD8B; SCA1; CD31; SLAM.CD150; TCRGD; CD103; ITB7; CD55.DAF; CD8A; IL7RA.CD127; CD73.5NTD; CD27"
"GP23","","","gdT.Q; gdT.R; gdT.T; gdT.X; Tz.D; DP.wF","skin","Actg1; Vim; Hspa8; Ubb; Hexb; Il31ra; Gapdh; Ftl1; Dnaja1; Rn7sk; Uba52; Camk1d; Lmna; Ywhaz; Cdk8","Ccl5; Ms4a4b; AW112010; Ifi27l2a; H2-K1; CT010467.1; Tmsb4x; Atp5e; Ly6c2; Itga4; Cd3d; Gimap3; Gimap6; H2-D1; Ly6a","ITB7; CD103; CD44; KLRG1; THY1.2; TCRVG2; CD62L; TCRGD","CD38; SCA1; CD5; CD2; CD11A; ITA4.CD49D; CD24; CD29; FR4; CD4; CD39; ITAM.CD11B; CD45RB; CD86; CD69"
"GP24","","","","","Defa24; Defa30; Defa22; Defa21; Defa38; Lyz1; Defa39; Itln1; Spink4; Defa23; Fabp2; Defa5; Ang4; Defa29","Fabp1; Rbp2; Apoa1; Odc1","CD4; CD49B; CD29; CD24; LY49A; CD155.PVR; TCRVG3; ITAM.CD11B; IL2RA.CD25; CD86; BTLA.CD272; FR4; CD55.DAF; LY108","ICAM1; CD45RB; CD73.5NTD; CD8B; CD27; CD38; TCRGD; ITA4.CD49D; TCRVG2; THY1.2; CD103; CD8A; KLRG1; CD160; B220"
"GP25","","","CD8.J; CD8.K; CD4.R; CD4.U; Treg.F; Treg.P; gdT.Q; gdT.R; gdT.T; gdT.U; gdT.V; Tz.B; Tz.D; Tz.P","","Lgals1; S100a6; Vim; Crip1; S100a10; Anxa2; S100a11; Ly6a; Sh3bgrl3; Lgals3; S100a4; Tagln2; Txn1; S100a13; Myl6","Malat1; Eef1a1; Tpt1; Limd2; Btg1; Tcf7; Arhgap15; Ddx5; Eef1b2; Fau; H2-K1; Foxp1; Lef1; Ltb; Klf2","SCA1; ICOS.CD278; ITAM.CD11B; ICAM1; ITAX.CD11C; CD49B; CD29; CD39; CD80; ITB7; GITR.CD357; CD44; ITA4.CD49D; CD103","CD62L; CD45RB; CD55.DAF; THY1.2; FR4; CD27; CD5; CD31; CD73.5NTD; CD4; IL7RA.CD127; CD8A; CD86; CD155.PVR; BTLA.CD272"
"GP26","","","CD8.G; CD8.J; CD8.Q; CD8.R; CD8.wV; CD8.wY; CD4.Q; CD4.R; CD4.S; CD8aa.E; Tz.A; DP.wD","mammary gland; submandibular gland","Ccl5; Nkg7; S100a6; AW112010; Rgs1; Cxcr6; Ctsw; Malat1; Ccl4; Junb; Cd8a; Dennd4a; Dusp2; H2-K1; Itgb1","Klf2; Lef1; Tcf7; Tmsb10; Ripor2; Cmss1; Limd2; Igfbp4; Atp1b3; Sell; Ccr7; Eef1b2; Rack1; Mir6236; Gpx1","CD8B; CD38; CD44; CD86; CD8A; CD29; CD39; CD11A; ICAM1; ITAX.CD11C; SCA1; SLAM.CD150; CD69; ITAM.CD11B; ITA4.CD49D","CD45RB; CD62L; CD31; CD55.DAF; FR4; ITB7; CD27; LY108; CD4; CD73.5NTD; CD24; IL7RA.CD127; LY49A; B220"
"GP27","","","CD4.Y; Treg.B; Treg.C; Treg.D; Treg.E; Treg.F","","Tnfrsf4; Tnfrsf9; Ikzf2; Cd83; Hopx; Tnfrsf18; H2az1; Zfp36l1; Cd74; Areg; Tigit; Ccr8; Klrg1; Foxp3; Sdf4","Ms4a4b; Crip1; Tmsb4x; Thy1; S100a6; Lgals1; Nkg7; Vim; Lat; Tmsb10; Fau; Anxa2; Itm2b; Ly6a; Lgals3","KLRG1; ICOS.CD278; GITR.CD357; ICAM1; CD73.5NTD; CD5; CD38; CD103; FR4; CD2; CD49B","CD45RB; SCA1; ITA4.CD49D; THY1.2; CD8A; ITAM.CD11B; CD31; GR1-LY6G-LY6C1-LY6C2; CD8B; ITAX.CD11C; CD11A; TCRVG2; CD86; CD62L; CD29"
"GP28","","","gdT.X","","CT010467.1; Cmss1; Cdk8; Tpt1; Eef1a1; Tmsb10; Tmem176b; Emb; Ifngr1; Rack1; Tmsb4x; Junb; Bhlhe40; Il7r; Tmem176a","S100a6; Gzmb; Ccl5; Nkg7; Ccl4; Cd8a; Cd8b1; Crip1; Pdcd1; Tnfrsf9; Ccr7; Igfbp4; Cd27; Ctsd; Pglyrp1","CD73.5NTD; CD4; CD5; THY1.2; ICOS.CD278; CD31; CD11A; SLAM.CD150; CD44; IL7RA.CD127; CD2; LY108; SCA1; CD160; CD49B","CD8B; ITAX.CD11C; CD8A; CD155.PVR; CD86"
"GP29","gdT/CD8aa IEL specific","CD8aa","CD8.T; gdT.A; gdT.F; gdT.I; gdT.J; CD8aa.A; CD8aa.P; CD8aa.wM; DN.B; DN.E; DN.G; DP.wY","colon epi; small intestine epi","Cd7; Ccl5; Fcer1g; AW112010; Ctsw; Cd160; Rgs1; Nkg7; Xcl1; Klrd1; Ikzf2; Cd3g; Junb; Dapk2; Cd8a","Klf2; Ms4a4b; Lef1; Ifi27l2a; Lat; Ccr7; Igfbp4; Emp3; Thy1; Ly6a; Lgals1; Ms4a6b; Npc2; Tpt1; Il7r","CD38; CD73.5NTD; ITB7; CD103; CD8A; CD160; ICAM1; CD45RB; B220; CD69; TCRGD; CD29; CD39","CD5; CD4; CD62L; SCA1; THY1.2; CD55.DAF; CD31; CD2; ICOS.CD278; CD11A; CD155.PVR; CD86; CD8B; IL7RA.CD127; SLAM.CD150"
"GP30","","Tz","CD8.wY; CD4.T; gdT.G; gdT.H; gdT.S; gdT.X; CD8aa.E; Tz.A; Tz.B; Tz.C; Tz.D; Tz.P; Tz.wM; DN.D; DN.I; DN.J","mammary gland; submandibular gland","Ccl5; Ly6e; Il2rb; Ly6c2; AW112010; Cxcr6; Id2; Nkg7; Kcnq5; Ctsw; Lyst; Serinc3; Cd226; Cxcr3; Gimap3","Klf2; Vim; Ccr7; Tcf7; Cytip; Igfbp4; Ripor2; Lef1; Atp1b3; Emp3; Dgka; Npc2; Cd8b1; Cd8a; Actn1","CD44; CD11A; CD49B; CD38; LY49A; ICAM1; CD39; CD29; GITR.CD357; CD69; SCA1; GR1-LY6G-LY6C1-LY6C2; FR4; THY1.2; CD24","ITB7; CD62L; CD55.DAF; CD8B; CD8A; CD4; ITA4.CD49D; CD31; CD103; CD5; CD45RB"
"GP31","","","","","Gzmd; Gzmf; Gzme; Gzmg; Spp1; Lgals3; Gzmc; Tnfrsf9; Prf1; Mt1; Gzmb; Ctsg; Tnfrsf4; Irf8; Ftl1","Tff1; Sostdc1; Gzmk; Ctsw; Ccl5; Klra7; Hs6st3; Xcl1; Il22; Ckb; Cd160; Tmem176b","CD55.DAF; THY1.2; CD31; ICOS.CD278; KLRG1; CD8B; CD39; CD8A; CD27; NEUROPILIN1.CD304; ITA4.CD49D; TCRGD; CD5; IL2RA.CD25; CD29","CD86; ITAM.CD11B; CD2"
"GP32","","","CD8.I; CD8.J; CD8.K; CD8.wY; CD4.R; CD4.Y; gdT.C","","Cdk8; Rack1; Eef2; Ly6c2; Eef1a1; Tpt1; Ccl5; Gzmb; Actg1; Ms4a4b; Coro1a; Srgn; Sh2d2a; Eif3f; Gramd3","Malat1; Fth1; Ptma; Ppia; Emp3; Hsp90ab1; Rabac1; Tmsb10; Crip1; Jund; Rbm39; CT010467.1; Eif1; Calm1; Son","CD45RB; CD27; CD62L; ITAX.CD11C; ITA4.CD49D; CD49B; CD55.DAF; ITAM.CD11B; CD31; LY108; CD44; GR1-LY6G-LY6C1-LY6C2","CD103; CD24; CD38; ITB7; CD4; CD73.5NTD; ICAM1; CD69; CD39; IL7RA.CD127; TCRVG2; TCRGD; CD80; CD8A; THY1.2"
"GP33","","","","","Hbb-bs; Hba-a2; Hba-a1; Hbb-bt; Alas2; Gpx1; Ftl1; Ube2l6; Mkrn1; Bpgm","","CD24; CD44; KLRG1; CD55.DAF; THY1.2; CD38; TCRGD; CD49B; NEUROPILIN1.CD304; CD39; CD29; B220; ICOS.CD278; CD27","IL2RA.CD25; CD8B"
"GP34","","","DN.P","","Rad51b; H19; Diaph3; Kcnq5; Pola1; Ifi27l2a; Cux1; Plxdc2; Aspm; Ano6; Pabpc1; Arpp21; Atp13a3; Mki67; Tff1","H2ac8; H1f5; H1f4; Hist1h2ap; H4c4; H2ax; Ptma; Pclaf; H2az1; Crip1; Tuba1b; Hmgb1; Tubb5; H1f3; Hmgb2","CD86; ITAM.CD11B; GR1-LY6G-LY6C1-LY6C2; GITR.CD357; CD62L; CD4; CD45RB; TCRVG2; CD39; IL7RA.CD127; ITAX.CD11C; CD8A; ITB7; CD8B","THY1.2; ICOS.CD278; KLRG1; CD44; CD27; CD160; B220; TCRGD; NEUROPILIN1.CD304; BTLA.CD272; SCA1; TCRVG3; CD103; LY108; FR4"
"GP35","TCR response, stress","","CD4.T; gdT.S; DN.E","colon LP; submandibular gland","Junb; Fos; Dusp1; Jun; Zfp36; Jund; Nfkbia; Klf6; Nr4a1; Ppp1r15a; Ier2; Tnfaip3; Pnrc1; Btg2; Cd69","","THY1.2; CD73.5NTD; CD11A; CD2; CD69; CD5; ITAM.CD11B; CD44; KLRG1; CD160; CD4; CD38; CD55.DAF; SLAM.CD150; ICAM1","CD62L; CD27; CD24; ICOS.CD278; IL2RA.CD25; GR1-LY6G-LY6C1-LY6C2"
"GP36","","","CD4.Y","","Il17a; Cxcl3; Il22; Ctla4; Hopx; Il17f; Bhlhe40; Gzma; Il1r2; Hspa5; AW112010; Furin; Pde5a; Ostf1; Areg","S100a6; Crip1; Lmna; Vim; Lgals1; Ahnak; Dennd4a; Samsn1; Cd163l1; Pdcd1; S100a10; Zfp36l2; Cd52; S100a11; Fth1","CD4; CD86; CD73.5NTD; GITR.CD357; CD5; ITAM.CD11B; CD38; SLAM.CD150; CD24; CD39; CD45RB","THY1.2; CD44; KLRG1; TCRGD; CD27; FR4; CD103; CD160; NEUROPILIN1.CD304; ICAM1; SCA1; B220; ITB7; BTLA.CD272; CD11A"
"GP37","","","CD8.wV; CD4.wZ; CD8aa.E; DP.wD; DP.wE","mammary gland","Csn2; Csn1s2a; Gzma; Ccl5; Wap; Csn1s1; Csn3; Glycam1; Csn1s2b; Gzmb; Xist; Rgs1; Cd7; Tyrobp; Pabpc1","Cdk8; Cmss1; Hexb; Camk1d; Il31ra; Mir6236; Gphn; Dock2; Mir142hg; Arhgap15; Dennd4a; Skap1; Filip1l; Vps37b; Ripor2","LY49A; ITB7; CD103; CD49B; CD29; CD8B; THY1.2; CD2; CD38; CD55.DAF; ITAX.CD11C; CD24; CD5; CD62L; CD155.PVR","B220; CD160; CD27; TCRGD; ICOS.CD278; IL2RA.CD25; GR1-LY6G-LY6C1-LY6C2"
"GP38","","","","","Tmsb10","Gzmk; Ccl5; Gzma; Itga4; Cd8b1; Ms4a4b","ICOS.CD278; CD44; THY1.2; KLRG1; CD160; NEUROPILIN1.CD304; CD73.5NTD; CD103; TCRGD; B220; CD49B; CD27; SCA1; BTLA.CD272; TCRVG3","CD86; ITAM.CD11B; CD38; CD45RB; ITAX.CD11C; CD8B; GR1-LY6G-LY6C1-LY6C2; ITA4.CD49D; ITB7; CD39; GITR.CD357; CD2; CD8A; IL7RA.CD127; TCRVG2"
"GP39","","","","","Fabp2; Apoa1; Rbp2; Fabp1; Crip1; Hspa1a; Cmss1; Krt20; Apoa4; Lgals4; Fabp6; Selenop; Reg3b; Cd8a; Zg16","Junb; Rgs1; Tnfaip3; Cdk8; Gzmk; Rbm3; S100a11; Cytip; Dennd4a; Pnrc1; Ifngr1; Tmsb4x; Rn7sk; Lars2; Srsf5","CD49B; CD29; CD4; LY49A; CD155.PVR; CD24; TCRVG3; ITAM.CD11B; ICOS.CD278; IL2RA.CD25; SCA1; CD55.DAF; CD86","CD45RB; ICAM1; CD73.5NTD; CD38; CD27; CD8B; ITA4.CD49D; CD103; CD160; THY1.2; CD8A; CD44; TCRVG2; ITB7; B220"
"GP40","myeloid contamination","","","","Apoe; Ftl1; C1qb; C1qa; Cd74; C1qc; Fth1; Hmox1; Ctsb; Tyrobp; Fcer1g; Lyz2; Psap; Cst3; Ifi27l2a","Cdk8; Rn7sk; Camk1d; Gphn; Eef2; Myl10; Malat1; Crip1; Ly6d; S100a6","ITAM.CD11B; CD86; CD39; GR1-LY6G-LY6C1-LY6C2; GITR.CD357; CD38; CD4; CD62L; ITAX.CD11C; CD45RB; CD80; TCRVG2; CD8B; IL7RA.CD127; CD24","THY1.2; ICOS.CD278; KLRG1; CD27; CD44; CD160; B220; TCRGD; BTLA.CD272; TCRVG3; NEUROPILIN1.CD304; CD103; LY108; SCA1; FR4"
"GP41","","","CD8.B; CD4.B","","Il7r; CT010467.1; Crlf3; Mir6236; Ms4a4b; Eef1a1; Klf3; Klf2; Cmss1; Malat1; Atp1b3; Tsc22d3; Cdk8; Tcf7; Itga4","Actg1; Cd52; Actb; Pfn1; Cnn2; Lcp1; Cfl1; Actr3; Cotl1; Ptprcap; Wdr1; Coro1a; Cap1; Lck; Ptpn6","THY1.2; CD55.DAF; CD4; CD44; CD45RB; CD62L; CD31; CD2; ITB7; IL7RA.CD127; CD27; CD73.5NTD; SCA1; CD5; ITA4.CD49D","CD8B"
"GP42","","","","","Reg2; Prss2; Reg1; Ctrb1; Try5; Cpa1; Clps; S100a6; Reg3b; Pnliprp1; Cela2a; Clu; Rnase1; Lgals1; Nupr1","Fabp2; Gzmk; Apoa1; Rbp2; Fabp1; Defb25; Lgals4; Klra7; Tyrobp; Krt20; Apoa4; Phgr1; Fabp6; Fcer1g; Apoc3","CD45RB; GITR.CD357; CD86; ICAM1; GR1-LY6G-LY6C1-LY6C2; ITB7; ITAM.CD11B; CD38; TCRVG2; CD39; CD8A; IL7RA.CD127; CD73.5NTD; CD103; CD69","THY1.2; ICOS.CD278; CD29; CD49B; KLRG1; NEUROPILIN1.CD304; LY49A; CD155.PVR; CD5; BTLA.CD272; CD55.DAF; TCRVG3; CD44; LY108; TCRGD"
"GP43","","","CD4.wN; gdT.R","","Tpt1; H2-D1; Rack1; H2-K1; CT010467.1; Eef1a1; Actb; Eef2; Fau; Cdk8; Ccl5; Tmsb4x; Cmss1; Pfn1; Tmsb10","Hexb; Camk1d; Mir6236; Il31ra; Lars2; Gphn; Gapdh; Pabpc1; Ubb; Rsrp1; Sumo2; Anp32a; Cd48; Prdx1; Btf3","CD4; CD55.DAF; CD45RB; CD5; CD62L; THY1.2; CD2; SCA1; CD103; ITB7; CD27; CD73.5NTD; CD11A; CD8A; CD31",""
"GP44","","","CD8.P; CD4.P; Treg.P; CD8aa.P; Tz.P; DN.G; DN.P; DP.wH","","H2ac8; H1f5; CT010467.1; H1f4; H4c4; H1f3; Tmsb10; Hist1h2ap; Ifngr1; Tmem176b; Malat1; Slc9a9; H3c6; Tmem176a; H1f1","Gzmb; Gzma; Crip1; Tyrobp; Vim; Ccl5; Fcer1g; Cd7; S100a6; Lgals3; Actg1; Fth1; Lmna; Itgae; Eif1","THY1.2; ICOS.CD278; KLRG1; CD44; NEUROPILIN1.CD304; CD160; CD27; TCRGD; B220; BTLA.CD272; TCRVG3; LY108; CD11A; CD29; ICAM1","ITAM.CD11B; CD86; GR1-LY6G-LY6C1-LY6C2; GITR.CD357; CD45RB; CD4; ITB7; CD39; CD62L; CD38; IL7RA.CD127; ITAX.CD11C; TCRVG2; CD8A; CD24"
"GP45","","","","","Tpbpa; Prl7d1; Prl2c5; Prl2b1; Prl8a9; Tpbpb; Ctsj; Prl2c3; Ceacam11; Rbp1; Sct; Fn1; Rhox9; Cd63; Flt1","Cts6; Psg16; Prl8a8; Psg23; Ceacam12; Psg21; Hsd17b2; Shank1; Prl3b1; Psg26; Catsperd; Fbln7; Prl8a1; Prl8a6; Ceacam5","",""
"GP46","","","DN.G","","H19; Tcf25; Myl10; Pld4; Uck2; Dnajc7; Tshz2; Il2ra; Mcub; Cblb; Hdac4; Ppt1; Tmem176b; Bcl2","Gzma; S100a6; Crip1; Ly6e; Gzmb; Ccl5; Ccr9; Ly6d; CT010467.1; Maf; Thy1; Lgals1; Tcf7; Itm2b; Il10","IL2RA.CD25; ICOS.CD278; TCRVG3","ITB7; ITAM.CD11B; CD39; GITR.CD357; CD38; CD86; CD4; CD62L; CD45RB; GR1-LY6G-LY6C1-LY6C2; CD8A; CD103; TCRVG2; CD27; CD73.5NTD"
"GP47","","","","","Crisp3; Klk1b26; Klk1; Klk1b9; Nfkbid; Klk1b5; Klk1b16; Btg2; Ccl4; Klk1b22; Itgb1; Klk1b11; Itgae; S100a6; Klk1b4","Malat1; Plac8; Fcer1g","ITB7; CD24; CD29; CD103; CD8B; CD5; CD11A; CD155.PVR; ITA4.CD49D; CD2; CD38; TCRVG2; LY49A; ICAM1; CD39","CD45RB; CD27; CD44; CD160; CD62L; CD31; KLRG1; ICOS.CD278; TCRGD; B220"
"GP48","","","DP.wF; DP.wG","","Dntt; Ly6d; Ly6e; Gzma; Crip1; Arpp21; Tcf7; Thy1; Lgals9; Cd24a; Gfra1; Ifngr1; Cux1; Aqp11; Fkbp5","Tmsb10; Tmsb4x; Cd52; Vim; H2-K1; H2-D1; Actb; Inpp4b; Lcp1; Ms4a4b; Actg1; Cnn2; Pfn1; B2m; Tagln2","CD24; NEUROPILIN1.CD304; CD29; CD27; ITA4.CD49D; THY1.2; IL2RA.CD25; LY108; TCRGD; CD31","CD44; CD2; CD5; ICOS.CD278; CD45RB; CD55.DAF; GITR.CD357; CD4; ITB7; CD11A; CD86; CD69; CD73.5NTD; CD8A; BTLA.CD272"
"GP49","","","CD8.wU; CD4.wN; gdT.E","CNS","CT010467.1; Mir6236; Cmss1; Cdk8; Camk1d; Lars2; Il31ra; Hexb; Gphn; Tmsb10; Fau; Rn7sk; Myh9; Tmsb4x; Zc3h7a","","CD45RB; CD5; CD44; CD24; CD38; CD2; CD55.DAF; THY1.2; CD31; CD11A; CD4; CD69; FR4; IL7RA.CD127; CD86",""
"GP50","B cell","","gdT.X","","Jchain; Iglv1; Pnrc1; Sostdc1; Hsp90ab1; Igkc; Igha; Klf6; Rbm39; Nfkbia; H3f3b; Dennd4a; Tnfaip3","Gzma; Gzmb; Cdk8; Lars2; Gphn; Rn7sk; Gzmk; Ly6c2; Crip1; Il31ra","ITAM.CD11B; CD86; GR1-LY6G-LY6C1-LY6C2; CD45RB; CD38; CD4; GITR.CD357; CD39; IL7RA.CD127; CD62L; CD24; TCRVG2; ITAX.CD11C; SLAM.CD150; ITB7","ICOS.CD278; THY1.2; KLRG1; CD44; NEUROPILIN1.CD304; TCRGD; CD27; TCRVG3; BTLA.CD272; CD160; B220; CD103; LY108; CD49B; CD29"
"GP51","","","gdT.U","","Tmsb4x; Actb; Pfn1; Ppia; CT010467.1; Mir6236; H2-K1; Malat1; Tmsb10; Hsp90ab1; Eif1; Tpt1; Calm1; Actg1; Arhgap15","Rn7sk; Ifi27l2a; Tcf7; Ccr7; Ypel3; Gpi1; Eef2; Limd2; Arhgef1; Ccni; Ucp2; Gas5; Eif3f; Camk1d; Itgae","CD55.DAF; CD45RB; CD44; CD73.5NTD; THY1.2; CD2; CD5; IL7RA.CD127; CD29; CD62L; CD4; KLRG1; CD27; CD31; CD69","CD8B; CD8A; ITAX.CD11C; ICOS.CD278; ITB7"
"GP52","","","","","Alb; Serpina1b; Serpina1e; Gnmt; Serpina1d; Apoc1; Ambp; Ttr; Car3; Apoe; Dbi; Selenbp2; Gsta3; Stard10; Trf","Cttnbp2; Fabp2; Gzmk; Rbp2; Spink1; Gpx3; Zg16; Fxyd2","TCRVG3; CD44; CD4; CD2; ICOS.CD278; IL2RA.CD25","CD8B; CD73.5NTD; CD38; THY1.2; CD45RB; CD8A; ITA4.CD49D; CD5; IL7RA.CD127; NEUROPILIN1.CD304; KLRG1; CD80; CD160; ITAM.CD11B; TCRVG2"
"GP53","","","gdT.Z","","Olfm3; Mest; Foxo1; Trmt61b; Ifngr1; Emb; Smchd1; Bhlhe40; Uty; Tagln2; Adgrl2; AW112010; Cd52; Jmy; Ifi27l2a","Cd7; Fcer1g; Nkg7; Vim; S100a6; Gzma; CT010467.1; Cd3g; Cd3e; Fth1; Ccl5; Gzmb; Cdk8; Crip1; Ctla2a","ICOS.CD278; CD4; CD2; CD11A; SCA1","CD45RB; ITB7; CD103; CD8B; CD8A; CD38; TCRGD; ITAM.CD11B; TCRVG2; GR1-LY6G-LY6C1-LY6C2; CD73.5NTD; CD69; CD80; CD86; IL7RA.CD127"
"GP54","","","","","BC018473; CT010467.1; Cdk8; Mir6236; H2-D1; H2-Q6; Rack1; Ly6a; Tpt1; Tmsb4x; B2m; Lars2; Cmss1; Eef1a1; Hsp90ab1","H2-K1; Ly6e; Rbm3; H2-T23; Ubb; Ly6c2; Gimap3; Hcst; Actn1; Trim12a; Gimap6; Epsti1; H2-Q7; Dnajc15; Ifi213","CD45RB; SCA1; CD44; CD8A; CD5; CD4; CD62L; CD27; CD55.DAF; GITR.CD357; CD2; ITA4.CD49D; IL7RA.CD127; SLAM.CD150; ITAX.CD11C","BTLA.CD272; GR1-LY6G-LY6C1-LY6C2; CD155.PVR; KLRG1; CD11A; CD49B; FR4"
"GP55","myeloid contamination","","","","Mpo; Ube2c; Hmgb2; Cenpa; Birc5; Ccnb2; Hmgn2; H2az1; H19; Cks1b; Elane; Tubb4b; Selenoh; H2az2; Prtn3","Myl10; Crip1; S100a6; Ly6d; Gzmk; Cd3g; Rgcc; Ptcra; Ccnd2; Diaph3; Atp5g1; Inpp4b; Neil3; Dgkeos; Lgals1","CD86; ITAM.CD11B; GR1-LY6G-LY6C1-LY6C2; CD62L; GITR.CD357; CD4; CD45RB; CD8B; CD8A; TCRVG2; CD39; IL7RA.CD127; CD24; ITAX.CD11C; ITB7","THY1.2; KLRG1; ICOS.CD278; CD44; CD27; CD160; B220; TCRGD; BTLA.CD272; NEUROPILIN1.CD304; TCRVG3; FR4; SCA1; CD103; LY108"
"GP56","Th2-like","","CD4.U","","Il13; Areg; Gadd45b; Il4; Hilpda; Pdcd1; Rgs1; Btg1; Nfkb1; Nr4a1; Lgals1; Il5; Gata3; Fgl2; Cd40lg","Il1rl1; Ms4a4b; Odc1; Ifngr1; Cmss1; Ifi27l2a; Tmsb10; AW112010; Ltb; Lsp1","CD62L; CD4; CD45RB; GR1-LY6G-LY6C1-LY6C2; ITAM.CD11B; CD49B; IL7RA.CD127; GITR.CD357; CD39; CD44; ITAX.CD11C; CD69; CD73.5NTD; ITA4.CD49D; ITB7","LY108; CD55.DAF; CD103; ICOS.CD278; CD155.PVR; BTLA.CD272; CD160; B220; CD31; CD86; CD29; CD5; SLAM.CD150; FR4; CD27"
"GP57","","","CD8.P; DN.P","","Nrgn; Gzmk; Tff1; Lag3; Stat3; Rgs16; Rabgap1l; Igfbp7; Sdf4; Ccl1; Hs6st3; Bhlhe40; Eea1; Ly6a; Il10","Crip1; Klra7; Il22; Fth1; Gzmg; Ccl5; Hmgb2; Cd7; Ptpn18; Cotl1; Izumo1r; Itgb7; Il1rl1; H2-D1; Sntb1","THY1.2; CD44; ICOS.CD278; NEUROPILIN1.CD304; CD160; TCRGD; KLRG1; CD27; BTLA.CD272; CD8B; CD73.5NTD; B220; CD11A; SCA1; ICAM1","ITB7; GR1-LY6G-LY6C1-LY6C2; ITAM.CD11B; CD86; CD45RB; GITR.CD357; CD4; IL7RA.CD127; CD38; ITAX.CD11C; TCRVG2; CD62L; CD39"
"GP58","","CD8","CD8.A; CD8.B; CD8.C; CD8.E; CD8.F; CD8.wM","","Cd8b1; Cd8a; Nkg7; Ly6c2; Ctsw; Epsti1; Dnajc15; CT010467.1; Klrd1; Fam241a; Thy1; Ccl5; AW112010; Tagln2; Sidt1","Cd4; Igfbp4; Ly6a; Tspan32; Cytip; Ly6c1; Cd40lg; Cd5; Ifi27l2a; Runx1; Foxn3; H3f3b; Cd28; Inpp4b; Ets1","CD8B; CD8A; CD45RB; CD103; ITB7; CD73.5NTD; ICAM1; CD62L; CD86","CD4; SCA1; FR4; CD44; CD5; CD155.PVR; GITR.CD357; ICOS.CD278"
"GP59","","","","","Pnlip; Cela2a; Ctrb1; Prss2; Clps; Try4; Try5; Cpa1; Cpb1; Canx; Lsg1; Cdh10; Strap; Taf6; Slc5a3","Defb25; Fabp2; Cenpw; Blk","ICOS.CD278; ITAM.CD11B; CD44; B220; CD49B; CD4; BTLA.CD272; ICAM1; FR4; KLRG1; THY1.2; CD86; CD24; CD155.PVR; CD29","CD45RB; GR1-LY6G-LY6C1-LY6C2; IL7RA.CD127; GITR.CD357; CD62L; ITB7; CD27; CD73.5NTD; ITA4.CD49D; NEUROPILIN1.CD304; SLAM.CD150; CD8B; CD31; CD69; CD5"
"GP60","","","CD4.U","","Rgs6; Hdac9; Ptprk; Slamf7; Slit3; Stfa3; Setbp1; Ptprm; Dnah8; Gpr183; Eomes; Etv6; Nek7; Zbtb20; S100a10","Sostdc1; Gzmk; Cd52; H19; Satb1; Nrgn; Themis; Lsp1; Ccl5; Cpeb4; Camk4; Slfn2; Maml2; Ifi27l2a; Cd2","CD44; CD49B; THY1.2; LY49A; ICOS.CD278; KLRG1; NEUROPILIN1.CD304; CD155.PVR; TCRGD; ICAM1; CD29; BTLA.CD272","CD4; GR1-LY6G-LY6C1-LY6C2; CD39; CD86; CD24; ITA4.CD49D; IL7RA.CD127; CD38; CD45RB; ITAM.CD11B; ITB7; SCA1; CD8B; CD80; CD31"
"GP61","","","","","CT010467.1; Cdk8; H2-Q6; Rack1; H2-D1; Tmsb4x; Tpt1; Hsp90ab1; B2m; Eef1a1; Mir6236; Fau; Lars2; Ly6a; Btg1","H2-K1; Ly6e; Rbm3; H2-T23; Ubb; Camk1d; Gimap3; Actg1; Hcst; Jund; Actn1; Atp5g2; Foxn3; Trim12a; Nme2","CD45RB; CD4; SCA1; CD44; CD27; CD5; CD62L; GITR.CD357; CD55.DAF; CD8A; CD2; THY1.2; ITA4.CD49D; SLAM.CD150; IL7RA.CD127","BTLA.CD272; GR1-LY6G-LY6C1-LY6C2; KLRG1; CD155.PVR; CD8B; CD49B"
"GP62","Gzma/b specific expression (2 strongest leads, with no other close)","","CD8.wV; CD4.wZ; gdT.A; gdT.B; gdT.C; gdT.D; gdT.E; CD8aa.C; CD8aa.D; CD8aa.E; DP.wD; DP.wE; DP.wY","","Gzma; Gzmb; Ccl5; Tyrobp; Fgl2; Itgae; Cd8a; Cd200r2","CT010467.1; Cmss1; Cdk8; Xcl1; Eef1a1; Tmsb10; Tpt1; Mir6236; Lars2; Actb; Cd160; Ppia; Emb; Hspa8; Rack1","ICOS.CD278; KLRG1; TCRGD; CD103","CD45RB; GITR.CD357; CD2; IL7RA.CD127; CD11A; CD86; CD4; CD5; GR1-LY6G-LY6C1-LY6C2; ITA4.CD49D; CD73.5NTD; CD24; CD38; CD69; ITAM.CD11B"
"GP63","","","CD4.Y; gdT.R; gdT.T; gdT.X; gdT.Z; DN.E","skin; kidney","Vps37b; Emb; Litaf; Ifngr1; Nr4a2; Ubald2; Il21r; H3f3b; Ubc; Crem; Cebpb; Hspa5; Ccl5; Dgat1; Junb","Coro1a; Ltb; Ucp2; Cd52; Cnn2; Pfn1; Ifi27l2a; Limd2; Rinl; Clec2d; Tmsb4x; Zfp36; Ly6a; Gimap7; Inpp4b","CD38; CD69; CD73.5NTD; ICAM1; CD45RB; CD103; CD8B; ITB7; ITAX.CD11C; CD160; CD39; CD80; CD24; CD29; THY1.2","CD4; CD2; CD62L; CD27; CD31; CD8A; GITR.CD357; ICOS.CD278; CD5; SLAM.CD150; CD44; CD155.PVR; KLRG1"
"GP64","","","","","Car1; Atpif1; Blvrb; Mt1; Car2; Vamp5; Apoe","Tmsb4x; Cd3g","CD55.DAF; CD44; CD38; CD27; ITA4.CD49D; SLAM.CD150; CD11A; CD160; CD31; CD45RB; CD155.PVR; B220; ITB7; CD73.5NTD; GITR.CD357","CD4; IL2RA.CD25; ICOS.CD278; TCRVG3; SCA1; CD2; ITAM.CD11B; THY1.2; LY108; GR1-LY6G-LY6C1-LY6C2; CD5; CD49B; IL7RA.CD127"
"GP65","","","","","Fabp2; Clec2h; Rbp2; Fabp1; Il22ra1; Reg3b; Lgals4; Chd3; Umod; Slc25a5; Mt1; Nectin2; Myo1f; Tst; Spink1","Gzmk; Apoa4; Alpi; Krt20; Myo15b; Creb3l3; Ces2a; Apob; H19; Tff1; Abcc2; Hspa1b; Entpd8; Nlrp9b; Cdhr2","CD4; CD49B; CD29; TCRVG3; CD24; ITAM.CD11B; CD155.PVR; ITAX.CD11C; IL2RA.CD25; LY49A; BTLA.CD272; NEUROPILIN1.CD304","CD8B; ICAM1; CD73.5NTD; CD45RB; ITA4.CD49D; CD38; CD27; THY1.2; KLRG1; CD8A; TCRVG2; B220; CD103; TCRGD; CD160"
"GP66","","","","","Tubb1; Nrgn; Cd9; Pf4; Gng11; Ppbp; Ywhah; Tsc22d1; Myl9; Gas2l1; Clec1b; Alox12; Itga2b; Taldo1; Mkrn1","","CD49B; CD29; CD24; CD55.DAF; LY49A; ITAX.CD11C",""
"GP67","","","","CNS","Gata2; Cd34; Angpt1; Atpif1; Olfr91; Ifitm1; Napsa; Ube2s; Adgrl4; H2az1; Ifitm2; Lrmda; Dut; Il1rl1; Hhex","Gzmk; Hs6st2; H19; Cpa3; Cd3e; Cd3g; Tff1; Wwox; Hs6st3; Plxdc2; Arpp21; Skap1; Tpsab1; Cd3d; Myl10","THY1.2; ICOS.CD278; KLRG1; CD44; CD27; CD160; NEUROPILIN1.CD304; B220; TCRGD; BTLA.CD272; TCRVG3; LY108; CD103; SCA1; CD29","ITAM.CD11B; CD86; GR1-LY6G-LY6C1-LY6C2; GITR.CD357; CD45RB; CD4; CD62L; CD39; IL7RA.CD127; CD38; ITB7; TCRVG2; ITAX.CD11C; CD8A; SLAM.CD150"
"GP68","Treg-specific","Treg","Treg.A; Treg.B; Treg.C; Treg.D; Treg.E; Treg.F; Treg.P; Treg.wM; gdT.X; DN.G","","Foxp3; Ikzf2; Izumo1r; Il2ra; Ifi27l2a; Inpp4b; Tnfrsf4; Ly6e; Samhd1; Il2rb; Smc4; Tnfrsf18; Capg; Ctla4; Ltb","Tcf7; Igfbp4; Themis; Lef1; Pde3b; Itk; Satb1; Emb; Thy1; Il7r; Ikzf1; Ccl5; Maml2; Gramd3; Rflnb","IL2RA.CD25; FR4; GITR.CD357; NEUROPILIN1.CD304; CD73.5NTD; CD44; CD5; CD38; SLAM.CD150; CD86; CD4; ICAM1; CD29; CD2; CD39","CD45RB; IL7RA.CD127; SCA1; THY1.2; ITA4.CD49D; CD155.PVR; CD8A"
"GP69","","","gdT.R; gdT.T","","Ccl5; S100a6; Nkg7; Gzmb; Crip1; Cd8b1; Cd8a; Ccl4; Lgals3; Lmna; Ikzf3; Lgals1; Anxa2; Nr4a2; Ctsd","Tmem176b; Ifngr1; Bhlhe40; Tmem176a; Junb; Il7r; Emb; Tnfrsf4; Rgs1; H2az1; Tagln2; Rora; Il18r1; Ramp3; Ckb","CD45RB; CD8B; GR1-LY6G-LY6C1-LY6C2; CD8A; CD86; ITB7; ITAX.CD11C; ITAM.CD11B; CD62L; CD39; TCRVG2; CD80; FR4; GITR.CD357; CD24","ICOS.CD278; THY1.2; CD73.5NTD; CD5; KLRG1; CD44; NEUROPILIN1.CD304; CD4; LY108; TCRGD; CD11A; CD49B; BTLA.CD272; CD31; ICAM1"
"GP70","","","","","Taf7l; Tpbpb; Tpbpa; Psg16; Ceacam11; Bhlhe41; Cebpb; Ablim3; Ceacam12; Sbsn; Zfp212; Sdc1; Plp2; Rhox5; Psg23","Il22; Il1r2; Ermn; Prl3b1; Flt1; Prl7a2; Atp1b2; Gzmk; Prl2b1; Krt18; Psg19; Il2ra; Rangrf; Prl8a8; Psg26","GITR.CD357; NEUROPILIN1.CD304; CD4; CD29; CD39; CD86; CD8B; LY108; CD80; CD24; CD73.5NTD","THY1.2; FR4; CD62L; CD27; CD45RB; ITAX.CD11C; CD160; KLRG1; CD5; CD11A; ICAM1; GR1-LY6G-LY6C1-LY6C2; TCRGD; CD55.DAF; CD31"
"GP71","","","gdT.X","","Cts6; Il22; Prl8a8; Psg26; Hsd17b2; Fbln7; Shank1; Catsperd; Cts3; Ceacam5; Psg-ps1; Ceacam14; Glrx; Krt18; Fam90a1b","Tpbpa; Prl3b1; Prl8a9; Tpbpb; Prl2c5; Taf7l; Prl7d1; Rarres2; Rhox9; Sbsn; Dusp9; Sdc1; Krt8; Prl2c3; Prr29","GITR.CD357; CD29; CD86; LY49A; TCRVG3; NEUROPILIN1.CD304; ICOS.CD278; IL7RA.CD127","CD45RB; CD62L; THY1.2; CD5; GR1-LY6G-LY6C1-LY6C2; FR4; ITAX.CD11C; CD27; CD11A; ICAM1; CD160; CD38; ITB7; ITAM.CD11B; CD2"
"GP72","","","CD4.T; CD4.X; CD4.Y; gdT.R; gdT.S; gdT.T; gdT.X","skin","Bhlhe40; Ramp3; Emb; Tnfsf11; Junb; Odc1; Rora; Nfkbia; Tnfaip3; Vps37b; Il22; Gpr132; Tmem176b; Ifrd1; Dgat1","Ccl5; S100a6; Gzmb; Crip1; Lgals1; Vim; Nkg7; S100a10; Tmsb4x; Gzma; AW112010; CT010467.1; S100a11; Actb; Itm2b","ICOS.CD278; CD4; CD5; CD31; THY1.2; LY108","ITB7; CD45RB; CD8A; CD8B; CD39; ITAM.CD11B; CD86; CD103; GITR.CD357; CD38; ITAX.CD11C; GR1-LY6G-LY6C1-LY6C2; CD80; ITA4.CD49D; TCRVG2"
"GP73","","","","","Ifngr1; CT010467.1; Tmem176b; Bhlhe40; Tmem176a; Junb; Rgs1; Tmsb10; Il7r; Emb; Icos; Malat1; Ckb; Ctla4; Eef1a1","Gzmb; Crip1; S100a6; Ccl5; Nr4a2; Nkg7; Lgals3; Anxa2; Cd8a; Ccr7; Gzma; Igfbp4; Ccl4; Lmna; Gem","THY1.2; ICOS.CD278; CD44; KLRG1; NEUROPILIN1.CD304; TCRGD; CD5; CD160; B220; CD11A; BTLA.CD272; CD73.5NTD; CD27; TCRVG3; LY108","GR1-LY6G-LY6C1-LY6C2; ITAM.CD11B; CD86; CD45RB; CD62L; ITB7; GITR.CD357; CD39; ITAX.CD11C; CD4; TCRVG2; CD8A; IL7RA.CD127; CD8B; CD80"
"GP74","","","","","S100a9; CT010467.1; Cmss1; Lars2; Tpt1; Mir6236; S100a8; Gphn; Rack1; Tmsb4x; Ngp; Fau; Camp; Zc3h7a; Rbm3","Hspa8; Junb; Rsrp1; Rn7sk; Txnip","CD24; GR1-LY6G-LY6C1-LY6C2; LY49A; CD45RB; CD38; ITAM.CD11B; CD39; CD8A; CD49B; CD62L; CD80; CD29; CD86; SCA1; CD4",""
"GP75","","","","","n-R5-8s1; Rn7sk; Dpp8; Klf10; Pdcd1lg2; Mob4; Grhl1; Gpr19; Ier5; Zcchc9; Gt(ROSA)26Sor; Topbp1; Rgs16; Shld1; Nt5c3b","","SLAM.CD150; CD49B; CD29; NEUROPILIN1.CD304; ICOS.CD278; CD11A; CD55.DAF; CD80; ICAM1; CD73.5NTD; CD38; CD44; GITR.CD357; CD5; LY108","CD27; CD62L; TCRGD"
"GP76","","","","","Tmsb10; Cd52; H2ac8; H1f5; Tuba1b; Tmsb4x; Hist1h2ap; H1f4; Ifi27l2a; Vim; Tubb5; Cnn2; H4c4; Pclaf; Birc5","CT010467.1; Crip1; Dntt; Ly6d; Ly6e; Gzma; Eef1a1; Cdk8; Myl10; Rgcc; Thy1; Fth1; Tcf7; Lgals9; Plac8","CD44; ICOS.CD278; KLRG1; THY1.2; CD49B; BTLA.CD272; TCRGD; LY49A; ICAM1; CD155.PVR; NEUROPILIN1.CD304","GR1-LY6G-LY6C1-LY6C2; CD4; CD24; CD86; ITAM.CD11B; CD45RB; CD39; IL7RA.CD127; ITA4.CD49D; CD38; CD62L; ITB7; CD8B; CD8A; CD80"
"GP77","","","CD8.wV; CD4.wZ; DP.wD; DP.wE","mammary gland","Cd74; H2-Aa; H2-Eb1; H2-Ab1; Cd79a; CT010467.1; Gzma; Ccl5; Lars2; Malat1; Ly6d; Tmsb10; Cd79b; Iglc3; Iglc2","Cdk8; Cmss1; Hexb; Il31ra; Camk1d","CD55.DAF; CD38; CD24; LY49A; B220; ITB7; CD45RB; CD103; CD2; CD49B; CD29; CD8B; CD62L; SCA1; CD31","CD27"
"GP78","","","","","Stfa3; Klra7; Gzmb; Gzma; Itga4; Elk3; Il17a; Slc45a2; Il22; Tspan5; Fcer1g; Sec24d; Cd3g; Capg; Nrgn","Olfm3; Sostdc1; Tmsb10; Cxcl3; Cd8a; Kit; Ntng1; Rora; Kdm2b; Tox; Tnfrsf9; Parp8; Ptprj; Atf3; Jak2","CD62L; CD8B; CD86; CD5; CD49B; GR1-LY6G-LY6C1-LY6C2; LY49A; CD2; ICOS.CD278; TCRVG2; LY108; CD69; ITAM.CD11B; ITB7","CD44; THY1.2; CD27; B220; CD38; TCRGD; CD160; SCA1; CD73.5NTD; IL2RA.CD25; KLRG1; ITA4.CD49D; FR4; CD24; CD45RB"
"GP79","","","CD4.Q; CD4.S; CD4.T; CD4.U; CD4.X; CD4.Y; gdT.Q; gdT.S; gdT.U; gdT.X; Tz.D","","Tmem176b; Bhlhe40; Ifngr1; Tmem176a; Junb; Emb; Il7r; Rgs1; Tnfrsf4; Tagln2; Ubb; Ckb; Cmss1; Il18r1; Tpt1","Ccl5; S100a6; Gzmb; Nkg7; Crip1; Cd8b1; Ccl4; Cd8a; Lgals1; Lgals3; Lmna; Anxa2; Ly6c2; Ikzf3; Hsp90ab1","CD4; CD73.5NTD; CD5; ICOS.CD278; SLAM.CD150; THY1.2; CD44; GITR.CD357; CD38; IL7RA.CD127; CD31; CD2; CD11A","CD8B; CD45RB; CD8A; ITAX.CD11C; ITB7; CD27; CD155.PVR; GR1-LY6G-LY6C1-LY6C2; CD80; FR4; CD62L; CD103; TCRVG2; CD24; CD86"
"GP80","recirculation KLF2, CD49D in Treg.F, CD4.G, CD8.G (Tcm like)","DN","CD8.E; CD8.G; CD8.H; CD8.J; CD8.wY; CD4.G; CD4.R; CD4.S; Treg.F; gdT.G; gdT.J; gdT.Q; gdT.V; CD8aa.B; Tz.B; DN.A; DN.B; DN.C; DN.D; DN.wM","peritoneal cavity","Ccl5; Klf2; Crip1; Itgb1; Ly6c2; Ahnak; S100a6; S100a10; Lgals1; Itga4; Ms4a4b; Nkg7; Vim; Hopx; H2az1","Inpp4b; Tpt1; Eef1a1; Igfbp4; Rack1; Cdk8; Ccr7; Npc2; Lef1; Cmss1; Cd3g; Cd52; Rgs10; Cd8a; Eef1b2","CD49B; CD29; CD44; ITA4.CD49D; ICAM1; CD38; LY108; GR1-LY6G-LY6C1-LY6C2; CD80; CD73.5NTD; CD24; CD39; LY49A; GITR.CD357; NEUROPILIN1.CD304","ITB7; THY1.2; CD103; CD4; FR4; CD155.PVR; CD62L; CD69; CD8B; CD27; CD31; KLRG1; CD8A"
"GP81","","","","","Ccl5; S100a6; Nkg7; Gzmb; Ccl4; Cd8a; Pdcd1; Cxcl3; Ifi27l2a; Cd8b1; Tnfrsf9; Nr4a2; Pglyrp1; Crip1; Cd52","CT010467.1; Cmss1; Emb; Tmem176b; Bhlhe40; Cdk8; Ramp3; Tmem176a; Tnfsf11; Eef1a1; Ifngr1; Tpt1; Odc1; Il7r; Junb","CD86; ITAM.CD11B; GR1-LY6G-LY6C1-LY6C2; GITR.CD357; CD45RB; ITAX.CD11C; CD8A; CD39; CD38; ITB7; CD8B; TCRVG2; CD62L; CD80; CD24","THY1.2; ICOS.CD278; KLRG1; CD44; CD5; CD73.5NTD; NEUROPILIN1.CD304; TCRGD; CD160; LY108; BTLA.CD272; CD31; TCRVG3; B220; CD11A"
"GP82","","","gdT.X","CNS","Mcpt8; Prss34; Il22; Cd63; Ms4a2; Gng12; Alox5ap; Fcer1g; Plp2; Napsa; Nedd4; Alox5; Ctla4; Ms4a3; Cd200r3","Gzma; Gzmk; Cxcl3; Gzmb","THY1.2; ICOS.CD278; CD44; CD160; KLRG1; SCA1; B220; CD27; CD55.DAF; BTLA.CD272; CD24; TCRGD; CD11A; FR4; IL2RA.CD25","CD45RB; ITAM.CD11B; ITB7; GR1-LY6G-LY6C1-LY6C2; CD86; GITR.CD357; CD62L; ITAX.CD11C; CD8A; TCRVG2; CD4; CD38; CD39; IL7RA.CD127"
"GP83","","","","","Tff1; Tmem176b; Tmem176a; Emb; Rgs1; Ckb; Itm2b; Ly6a; Cytip; Tnfsf11; St6galnac3; Il7r; Rora; Actn2; Jun","S100a6; Sostdc1; Ccl5; Crip1; Pdcd1; Cd8b1; Tox; Ifi27l2a; Nkg7; Tnfrsf9; Lgals3; Tigit; Itgb1; Pglyrp1; Dusp2","THY1.2; ICOS.CD278; CD44; KLRG1; TCRGD; CD160; TCRVG3; CD5; SCA1; B220; BTLA.CD272; CD27; NEUROPILIN1.CD304; LY108; CD31","CD45RB; GITR.CD357; CD86; ITAM.CD11B; GR1-LY6G-LY6C1-LY6C2; CD8B; CD8A; CD39; ITB7; CD62L; ITAX.CD11C; TCRVG2; CD38; IL7RA.CD127; CD80"
"GP84","","","","","Mucl2; Itgb1; Cxcr6; S100a6; Scgb1b27; Junb; Nfkbid; Dusp2; S100a4; Ier2; Xcl1; Prol1; Itga4; Isg20","Gzmk; Gzmb; Malat1; Gzma; Plac8","CD29; ITA4.CD49D; CD24; CD5; GITR.CD357; CD8B; CD86; CD8A; CD155.PVR; CD2; CD39; THY1.2; CD11A; CD38; CD73.5NTD","CD45RB; CD27; KLRG1; CD160; ICOS.CD278; ITAM.CD11B; CD31; TCRVG3; CD44; CD80; B220; ITB7; SCA1; CD4; GR1-LY6G-LY6C1-LY6C2"
"GP85","","","gdT.X; gdT.Z","","Gzmb; Ccl5; S100a6; Crip1; Nkg7; Gzma; Cd8b1; Lmna; Lgals3; Cd8a; Ccl4; Ccr7; Il22; Gem; Lgals1","Ifngr1; Tmem176b; CT010467.1; Junb; Tmem176a; Bhlhe40; Il7r; Emb; Tpt1; Tmsb10; Rgs1; Eef1a1; Tmsb4x; Cmss1; Il18r1","CD86; GR1-LY6G-LY6C1-LY6C2; CD45RB; ITB7; ITAM.CD11B; CD8B; ITAX.CD11C; CD62L; CD8A; TCRVG2; CD39; GITR.CD357; CD80; LY49A","ICOS.CD278; THY1.2; CD73.5NTD; CD44; CD5; KLRG1; CD160; NEUROPILIN1.CD304; CD11A; B220; CD4; TCRGD; LY108; CD31; SCA1"
"GP86","","","","","Myh6; Ogfod3; Atp2a2; Gypc; Rrp1b; Rtp4; Fchsd2; Trmt11; Pld4; Zfp638; Acvrl1; Hspa1a; Bcl2l1; Fbxo36; Fancm","Gzmk; Defa24; Cyp2c50; Defa39; Defa23; Kap; Defa30; Itln1; Defa29; Adgrl2; Adamtsl3; Hs6st3; Scn8a; Defa40; Nrcam","CD4; TCRVG3; ICOS.CD278; CD49B; CD24; CD2; CD155.PVR; IL2RA.CD25; LY49A; CD44","CD8B; CD73.5NTD; CD38; CD45RB; THY1.2; CD8A; ITA4.CD49D; CD5; CD27; CD160; IL7RA.CD127; CD80; TCRVG2; B220; KLRG1"
"GP87","","","CD4.U","","A2m; Cryab; Gpx3; Rarres2; Fabp4; Tfpi2; Dcn; Fosl2; Prl8a2; Tmem150a; Sparc; Ctsl; Trem2; Htra3; Lifr","Erv3; Slc39a8; Gzmk; Bambi; Ccrl2; Grk5; Zdhhc11; Mmp19; Adam9; Igkv14-126; Mxra7; Mastl; Plcd1; Scgb1a1; Fnbp1l","",""
"GP88","","","","","Cxcl3; Sostdc1; CT010467.1; Tmsb10; Tmsb4x; Cd247; Slc9a9; Itgb1; Ikzf2; Cd163l1; Pdcd1; Tcf7; Eef1a1; Pfn1; Selenop","Gzmk; Il22; Odc1; Ccl5; Gzmb; Stfa3; Ostf1; Dgat1; Il17f; AW112010; Itga4; Ctla4; Ccl20; Arl6ip1; Prdx6","THY1.2; ICOS.CD278; KLRG1; NEUROPILIN1.CD304; CD27; CD160; TCRGD; CD31; TCRVG3; CD44; B220; LY108; CD103; BTLA.CD272; CD11A","CD86; ITAM.CD11B; GITR.CD357; CD38; GR1-LY6G-LY6C1-LY6C2; ITAX.CD11C; CD39; TCRVG2; CD45RB; ITB7; LY49A; CD4"
"GP89","","","","","Cmss1; Mir6236; Kap; Gphn; Gpx3; CT010467.1; Hsp90ab1; Gzma; Fxyd2; Zg16; Ccl5; Hspe1; Hsp90aa1; Camk1d; Hspa1a","Xist; Rn7sk; Rbm3; Gzmk; Gapdh; Pfn1; Srsf5; Malat1; Ubb; Dock2; Defa24; Actb; Arhgap15; Eif5a; Ptma","CD4; TCRVG3; ICOS.CD278; CD49B; CD2; CD44; CD24; CD155.PVR; LY49A; CD29; IL2RA.CD25; LY108","CD8B; CD73.5NTD; CD38; CD45RB; THY1.2; CD8A; CD5; ITA4.CD49D; IL7RA.CD127; CD80; CD27; CD160; TCRVG2; B220; NEUROPILIN1.CD304"
"GP90","","","","","Reg3b; Fabp6; Lypd8; Phgr1; S100a6; Dennd4a; Cyp4f14; Rgs1; Plcxd2; Hao2; Hmgcs2; Naaladl1; Defb37; Tspan8; Krt19","Fabp2; Fabp1; Rbp2; Gzma; Klra7; Apoa1; Ccl5; Gzmb; Tyrobp; Fcer1g; Ckmt1; Apoc3; Spink1; Cd7; Apoa4","CD45RB; CD8B; CD38; CD8A; ITB7; ITAM.CD11B; CD73.5NTD; GR1-LY6G-LY6C1-LY6C2; IL7RA.CD127; CD80; CD103; TCRVG2; GITR.CD357; CD62L; ITA4.CD49D","LY49A; CD29; CD49B; ICOS.CD278; TCRVG3; SCA1; CD55.DAF; KLRG1; BTLA.CD272; CD155.PVR; NEUROPILIN1.CD304; CD31; LY108; TCRGD; IL2RA.CD25"
"GP91","","","","","Ctrb1; Try4; Clps; Cela2a; Prss2; Cela1","","CD38; ICAM1; CD103; FR4; CD5; ITB7; CD160; B220; CD73.5NTD; THY1.2; ITAM.CD11B; KLRG1; ITA4.CD49D; ICOS.CD278; CD24","CD62L; GITR.CD357; GR1-LY6G-LY6C1-LY6C2; SLAM.CD150; CD2; CD69; TCRVG3; CD49B; CD45RB"
"GP92","","","","","Igf1r; Gab3; Xist; Eml4; Il12rb2; Ppp3ca; Pan3; Mcph1; Pik3r6; Ube2e2; Rad21l; Adam12; Tmem164; Abi3bp; Erdr1","Trmt61b; Adamtsl3; Rhoq; Carmil1; Btbd9; Zmat4; Tjp1; Map1b; Tiam1; Trat1; Rgs2; Pmp22; Slc4a4; Nrip3; Egr1","TCRVG2; TCRGD; CD11A; IL7RA.CD127; SCA1; BTLA.CD272; CD29; ICOS.CD278; THY1.2; TCRVG3; ICAM1; CD73.5NTD; CD44; CD160; CD69","GITR.CD357; CD45RB; ITA4.CD49D; ITB7; CD5; CD4; GR1-LY6G-LY6C1-LY6C2; CD8B"
"GP93","","","gdT.Z","","Mest; Slc25a3; Trmt61b; Atp5md; Cwc25; Cstb; Crem; Emd; Tpm4; Trf; Cdk11b; Arpc3; Cdkn1a; Arf4; Foxo1","Vim; Cd3g; Cd7; Cd3e; Trat1; Rgcc; Cntn1; Ctla2a; Cd247; Olfm3; Rasgef1b; Srgn; S100a6; Malat1; Mta3","CD73.5NTD; THY1.2; CD8B; CD38; CD5; KLRG1; NEUROPILIN1.CD304; CD45RB; CD160; CD8A; B220; CD27; ITA4.CD49D; ICOS.CD278; BTLA.CD272","CD4; ITAM.CD11B; TCRVG3; CD24; GITR.CD357; CD86; CD2; GR1-LY6G-LY6C1-LY6C2; CD39; ITAX.CD11C; ITB7; LY49A; CD49B; IL2RA.CD25; CD155.PVR"
"GP94","","","","","Apoa4; Alpi; Myo15b; Abcc2; Creb3l3; Eps8l2; Krt20; Ces2a; Cdhr2; Gzmk; Cited2; Apob; Oit1; Clec10a; Entpd8","Fabp2; Rbp2; Fabp1; Reg3b; Hspa1a; Lgals4; Clec2h; Spink1; Phgr1; Krt8; Ckmt1; Apoc3; Fabp6; Fbp2; Lag3","ICAM1; CD45RB; CD73.5NTD; CD8B; CD38; CD27; ITA4.CD49D; CD103; CD160; THY1.2; CD8A; KLRG1; TCRVG2; B220; ITB7","CD4; CD49B; CD29; TCRVG3; CD155.PVR; CD24; ITAM.CD11B; LY49A; IL2RA.CD25; ICOS.CD278; SCA1; CD86"
"GP95","","","","","Defb25; Fabp2; Hif1a; Cenpw; Capg; Raph1; S100a4; Babam1; Hspa1a; Pde7b; Ap1s1; Arg1; Gnal; Axl; Cbx6","Ctrb1; Prss2; Clps; Cela2a; Try4; Reg1; Try5; Cpa1; Rnase1; Reg3g; Pnliprp1","CD29; CD49B; ITAM.CD11B; CD4; CD5; CD8B; CD155.PVR; CD86; NEUROPILIN1.CD304; CD24; CD80; GR1-LY6G-LY6C1-LY6C2; LY49A; CD62L; SCA1","ICAM1; CD103; CD44; CD45RB; CD160; CD27; CD73.5NTD; B220; GITR.CD357; ITA4.CD49D; CD69; CD11A; KLRG1; ITB7"
"GP96","","","gdT.X","CNS","Olfm5; Angpt1; Ctla2a; Alox5ap; Ly6d; Satb1; Dntt; Aff3; Cdk6; Itga4; Clec4e; Fth1; Gpx1; Aqp11; Lck","Ccr9; Gzma; Cpa3; Igfbp4; Tmsb10; Thy1; Maf; Slc9a9; Blk; Camk2d; Etv5; Cd247; Fam169b; Sox5; Id3","ITA4.CD49D; CD29; IL2RA.CD25; LY108; CD24; NEUROPILIN1.CD304; CD8B; CD44; CD38; CD45RB; TCRVG3; LY49A; CD55.DAF; CD160; CD155.PVR","CD62L; CD103; GITR.CD357; ITB7; ITAM.CD11B; CD73.5NTD; CD4; CD2; GR1-LY6G-LY6C1-LY6C2; CD11A; IL7RA.CD127; CD86"
"GP97","","","","","Tex50; Mpp7; Vmp1; Zmym6; Plekhg1; Ptk2b; Cltc; Rpn2; Ell2; Pawr; Igf1r; Crebbp; Kcnq1ot1; Btla; Galnt2l","Cd163l1; Il1r1; Serpinb1a","CD73.5NTD; CD38; GITR.CD357; ITA4.CD49D; CD155.PVR; CD29; ICAM1; IL7RA.CD127; ITAX.CD11C; TCRVG3; CD2; THY1.2; LY49A; CD27; CD39","CD8B; CD8A; TCRGD; CD49B"
"GP98","","","","","Tmsb10; Tmsb4x; Cd52; Vim; H2-K1; H2-D1; Inpp4b; Tagln2; Ms4a4b; Lcp1; Cnn2; Tuba1b; Ccr7; Ifi27l2a; Shisa5","Dntt; Ly6e; Ly6d; Crip1; Gzma; Arpp21; Thy1; Tcf7; Lgals9; Ifngr1; Cd24a; Gfra1; Fkbp5; Cux1; Hmgb1","CD44; ICOS.CD278; CD2; CD5; CD4; ITB7; CD55.DAF; GITR.CD357; CD45RB; CD11A; CD73.5NTD; CD86; CD69; BTLA.CD272; CD103","CD24; CD29; NEUROPILIN1.CD304; ITA4.CD49D; CD27; THY1.2; IL2RA.CD25; LY108; TCRGD; CD39; KLRG1; CD31; IL7RA.CD127"
"GP99","","","","","Glis1; Frmd5; Tnfrsf9; Gzma; Lgals3; Klrh1; Ifngr1; Il2rb; Camk4; Tigit","Nr4a2","GITR.CD357; CD103; CD45RB; ITA4.CD49D; CD27; ITB7; CD31; CD73.5NTD; ITAM.CD11B; CD39; IL7RA.CD127; B220; LY108; CD24; BTLA.CD272","SCA1; ITAX.CD11C; FR4; CD62L; CD49B; CD5; CD69; CD44"
"GP100","","","gdT.B; gdT.C; gdT.F","","Xcl1; Kit; Cd8a; Klra5; Cd160; Klrh1; Tyrobp; Cox7a2; Id2; Lgals3; Klrb1a; AW112010; Car2; Limd2; Rnf180","Gzma; Gzmb; Ccl5; CT010467.1; Fth1; Ubb; Klrd1; Eif1; Ptma; Plac8; Ccl4; Hcst; Btg2","B220; CD160; CD44; CD27; ICOS.CD278; KLRG1; CD8A; FR4; TCRGD; TCRVG3","ITAM.CD11B; CD86; CD45RB; ITB7; CD2; CD11A; CD38; CD5; CD62L; GR1-LY6G-LY6C1-LY6C2; CD4; IL7RA.CD127; THY1.2; CD24; LY49A"
"GP101","","","CD4.E; gdT.K; DN.A; DN.G; DP.wF","","Itm2a; Tox; Satb1; Ccr9; Tmsb10; Tcf7; Id3; Malat1; Sox4; Mir142hg; Rgs10; Ikzf2; H3f3a; Xist; Ptma","H2-K1; H2-D1; Ms4a4b; Ly6a; Fxyd5; Igfbp4; H2-Q7; Ly6e; Itgb7; AW112010; B2m; Klf2; Ms4a6b; Gimap3; Tagln2","CD24; CD8B; CD155.PVR; CD5; CD8A; CD11A; CD69; CD27; SLAM.CD150; THY1.2; CD2; ICOS.CD278; CD29; TCRGD; IL2RA.CD25","CD55.DAF; SCA1; CD44; CD4; CD73.5NTD; ITB7; CD86; CD62L; CD45RB; CD38; GITR.CD357"
"GP102","","","","","Matn4; Dhx40; Taf4b; Ern1; Lsmem1; Tnfsf8; Arl13b; Aph1c; Antxr2; Rccd1; Lncpint; Elovl5; Hpcal1; Mindy2; Mast4","Dgat1; Ppp1r15a; Bhlhe40; Ikzf3","",""
"GP103","","","","","Smc3; Cfap65; Ints6; Dip2b; Phtf1; Bub1b; Actr10; Ralgapa2; Cd200r3; Ube2j2; Tsga10; Kansl1l; Srbd1; Itga2; Kdm3b","Dennd4a","CD29; CD39; CD86; GR1-LY6G-LY6C1-LY6C2; ITA4.CD49D; CD38; CD73.5NTD; TCRGD","SLAM.CD150; CD11A; CD80; CD4; CD27; ITAM.CD11B; ITAX.CD11C; KLRG1; BTLA.CD272; FR4; TCRVG3; CD2; ICOS.CD278; CD155.PVR; NEUROPILIN1.CD304"
"GP104","","","","","Gzma; A26c3; Arhgap27os3; Scin; Slc7a13; Cngb3; Tacr1; Uty; Hyi; Ier5l; Unc119; Itgav; Pcgf2; Ptgr2; Leng8","Kap; Gpx3","",""
"GP105","","","","","Fabp2; Mbl2; Mup7; Fhit; Spred2; Jade1; Plaa; Gstm1; Arrdc3; Stxbp3; Hace1; Nckap1l; Gamt; Rmdn1; Aven","Rbp2; Gzmk; Fabp1; Apoa1; Defa24; Defa30; Spink1; Guca2b; Clec2h; Defa38; Ckmt1; Defa39; Itln1; Apoa4; Smim22","ITAX.CD11C; CD11A; TCRVG3; CD4; ICOS.CD278; CD2; IL2RA.CD25; CD155.PVR; CD49B; TCRVG2; CD29; LY108","B220; KLRG1; CD73.5NTD; IL7RA.CD127; CD45RB; CD62L; CD38; CD27; CD103; SLAM.CD150; ICAM1; NEUROPILIN1.CD304; CD8B; LY49A; ITA4.CD49D"
"GP106","","","","","Vwc2l; Atad2; Phf20l1; Cebpb; Slc25a38; Clptm1; Rn7sk; R3hdm1; Cyfip2; Clcn3; CAAA01147332.1; Map4; Mlec; Fam168b; Apobec3","Tpt1","CD160; CD49B; IL7RA.CD127; CD2; SLAM.CD150; SCA1; ICOS.CD278; CD103; LY108; CD44; CD155.PVR; CD11A; B220; CD80; NEUROPILIN1.CD304","CD86; CD73.5NTD; CD62L; ITAM.CD11B; ITA4.CD49D; CD69; FR4; GR1-LY6G-LY6C1-LY6C2; ITAX.CD11C; GITR.CD357"
"GP107","","","gdT.Z","","Vim; S100a6; Cd7; Ctla2a; Fcer1g; Cd3g; Rgcc; Nkg7; Lmna; Crip1; Cd3e; Rn7sk; CT010467.1; Xcl1; Cdk8","Trmt61b; Mest; Slc25a3; Cdk11b; Foxo1; Jmy; Crem; Cwc25; Cd52; Tpm4; P2ry10; Smchd1; Zeb1; AW112010; Atp5md","TCRGD; ITB7; CD103; TCRVG3; THY1.2; CD45RB; CD44; CD80; TCRVG2; CD8B; GR1-LY6G-LY6C1-LY6C2; KLRG1; CD49B; CD62L; CD69","CD4; CD2; CD11A; ICOS.CD278; CD5; ITA4.CD49D"
"GP108","","","","","Gzmb; Ikzf3; Ifi27l2a","CT010467.1; Tpt1; Eef1a1; Cmss1; Cdk8; Tmsb4x; Rack1; Actb; H2-K1; H2-D1; Tmsb10; Fau; Pfn1; Eef2; B2m","","THY1.2; CD5; CD44; KLRG1; CD73.5NTD; CD2; CD55.DAF; CD62L; ICOS.CD278; CD103; CD11A; IL7RA.CD127; CD49B; CD27; NEUROPILIN1.CD304"
"GP109","","","DP.wH","","Smtn; Slc9a9; Gpr183; Rgs10; Trerf1; Fyb; Cdk8; Tox2; Pdcd1; Cmss1; Tcf7; Il4; Rflnb; Nav2; Filip1l","AW112010; Itga4; Gimap3; Inpp4b; Fau; Ifi27l2a; Ly6a; Cxcr3; H2-Q7; Cd3e","KLRG1; THY1.2; CD73.5NTD; ITB7; BTLA.CD272; CD31; LY108; CD27; TCRGD","CD4; SCA1; ICAM1; CD55.DAF; CD62L; CD8A; ITA4.CD49D; CD24; CD45RB; CD86; CD29; LY49A; CD39; NEUROPILIN1.CD304; ICOS.CD278"
"GP110","","","gdT.X","","Sostdc1; Pdcd1; Tox; Ifi27l2a; S100a6; Izumo1r; Tigit; Igfbp4; Ctsb; Cd27; Ccr7","CT010467.1; Tpt1; Tmsb4x; Cmss1; Eef1a1; Tmsb10; Fau; Cdk8; Rack1; Mir6236; Actb; H2-K1; H2-D1; Ifngr1; B2m","ICOS.CD278; FR4; KLRG1; NEUROPILIN1.CD304","CD45RB; CD4; ITAM.CD11B; CD62L; IL7RA.CD127; CD73.5NTD; ITB7; SLAM.CD150; GITR.CD357; CD86; CD5; CD38; CD2; CD55.DAF; CD8A"
"GP111","","","gdT.X","","Edn3; Izumo1r; Cacna1d; Gpm6b; Cd200; Tnfsf8; Cd82; Ly6a; Ahnak; S100a6; Tbc1d4; Prkca; Pou2f2; Ptpn11; Nrp1","Tigit; Sh2d1a; Ikzf2; Nrgn; Ccl1; Tmsb10","FR4; CD73.5NTD; CD38; CD86; SCA1; NEUROPILIN1.CD304; ITAX.CD11C; CD39; GR1-LY6G-LY6C1-LY6C2; CD29; ITAM.CD11B; ITB7; CD4; LY108; TCRVG2","THY1.2; CD44; CD55.DAF; ICAM1; TCRGD; CD160; CD27; CD45RB; CD155.PVR; B220; KLRG1; ICOS.CD278; CD8B; CD8A; CD11A"
"GP112","","","DP.wG","","Hs6st3; Gzmk; Stfa3; Klra7; Gzmb; AU020206; Gzmg; Il10; Maf; Cd7; Glrx; Ctla4; Crip1; Cxcr3","Sostdc1; Tff1; Nrgn; Tmsb10; Pdcd1; Il1r2; Tnfrsf9; Rgs16; Id3; Aldoa; Ccl1; Cmss1; Tnfsf11; Cdk8; Klrc1","ITB7; KLRG1; LY49A; CD103; ITA4.CD49D; CD86; CD29","CD8B; CD8A; CD4; CD5; CD73.5NTD; CD80; CD11A; ITAM.CD11B; ICAM1; CD160; NEUROPILIN1.CD304; THY1.2; CD24; CD2; CD44"
"GP113","","","","","Psg28; Ccr10; Myo5a; Tpbpa; Smim13; Psg21; Eif4ebp1; Cxcl3; Cplane1; Crem; Cmtm4; Lig1; Dnmt3bos; Fam199x; Ccdc186","Pxdc1; Psg27; Il22; Prl8a8; Tmem176a; Psg16; Ceacam14; Rhoq; Il10; Tnfsf11; Got1; Psg23; Klra7; Ccl20; Ceacam12","",""
"GP114","","","","","Prl3b1; Cts3; Tpbpa; Tpbpb; Ccr10; Ceacam11; Ceacam14; Prr29; Plekhh3; Rhoq; Glyat; Rsph1; Cdkn2b; Sdc1; Cfap53","Il22; Psg21; Cts6; Rhox9; Prl8a8; Fau; Psg18; Cpeb2; Zbtb39; Myl10; Ctsj; Psg26; Myo5a; Dcbld2; Vax2","ITAX.CD11C; FR4; ITAM.CD11B; CD62L; GR1-LY6G-LY6C1-LY6C2; CD45RB; IL2RA.CD25; CD11A; TCRVG2; THY1.2; ICAM1; CD8A; CD160; KLRG1; CD38","CD4; ITA4.CD49D; NEUROPILIN1.CD304; CD55.DAF; GITR.CD357; CD29; BTLA.CD272; CD86; LY108; LY49A; SLAM.CD150; ICOS.CD278; TCRVG3; CD31; B220"
"GP115","","","","","Prl3a1; Tff1; Col4a3bp; Il10; Klri1; Timmdc1; Gzmk; Cdkn1a; Mitf; Ppp1r14a; Rhoc; Il17a; Ctla4; Dusp16; Psg21","Prl3b1; Tpbpa; Furin; Fcer1g; Cts3; Pxdc1; Psg27; Ceacam14; Ceacam11; Prr29; Prl8a9; Tpbpb; Rarres2; Ccr10; Sdc1","CD4; ITA4.CD49D; GITR.CD357; NEUROPILIN1.CD304; CD55.DAF; CD86; CD29; BTLA.CD272; LY108; SLAM.CD150; LY49A; ICOS.CD278; CD31; TCRVG3; B220","ITAX.CD11C; FR4; CD62L; ITAM.CD11B; THY1.2; GR1-LY6G-LY6C1-LY6C2; CD11A; IL2RA.CD25; CD45RB; ICAM1; TCRVG2; KLRG1; CD160; CD8A; CD27"
"GP116","","","","","Ceacam13; Rhob; Tpbpa; Kri1; Sh3pxd2a; Pcgf5; Spty2d1; Phf3; Slc25a25; Lcmt1; Eif4ebp1; Megf9; Grasp; Ankrd54; Cetn3","","",""
"GP117","","","CD4.wN; DN.G; DN.P; DP.wG","","Tnni1; Nrgn; Fcer1g; Cd7; Klhdc2; Anxa2; Il2rb; Ikzf2; Vim; Id3; Gnas; Chn2; Ctsw; S100a10; Sox5","Ccl5; Thy1; AW112010; Cd8a; Ly6e; Ly6c2; H2-K1; Ifi27l2a; Ptpn18; H2-Q7; Cd47; Ly6a; Ms4a6b; Cd5; Gimap7","CD73.5NTD; LY49A; CD24; CD160; CD2; ITA4.CD49D; LY108; FR4; CD11A; ICAM1; GITR.CD357; CD55.DAF; CD29; BTLA.CD272; CD5","THY1.2; CD44; SCA1; CD62L; CD8A; TCRGD; ITAX.CD11C; CD69; CD8B; CD27; CD86; CD103; CD38; KLRG1; CD4"
"GP118","","","CD8.K; Treg.P; DP.wP","","Ccnb2; Hmgb2; Hmgn2; Cenpa; H2az1; H2az2; Birc5; Selenoh; Cks1b; Stmn1; Hmgb1; Ran; Calm3; Dap; Hsp90b1","CT010467.1; Malat1; Ccl5; Cmss1; Tpt1; Fau; Eef1a1; Mir6236; Cdk8; Ubb; Nkg7; Tmsb4x; Hcst; Actb; H2-K1","","THY1.2; CD73.5NTD; CD45RB; CD44; CD103; CD55.DAF; ITB7; CD5; CD38; IL7RA.CD127; CD69; CD27; CD2; CD11A; TCRGD"
"GP119","","","","CNS","Myl10; S100a6; Ptcra; Crip1; Ly6d; Dgkeos; Inpp4b; Neil3; Diaph3; Klra7; Ccnd2; Rgcc; Il21r; Atp5g1; Ncapg2","Ube2c; Hmgb2; Cenpa; H19; Ccnb2; Birc5; H2az1; Tmsb10; Hmgn2; Cks1b; Tubb4b; Tff1; Hs6st2; Arpp21; Arl6ip1","THY1.2; ICOS.CD278; KLRG1; CD44; CD27; CD160; B220; TCRGD; NEUROPILIN1.CD304; BTLA.CD272; TCRVG3; SCA1; LY108; FR4; CD103","ITAM.CD11B; CD86; GR1-LY6G-LY6C1-LY6C2; GITR.CD357; CD45RB; CD62L; CD4; TCRVG2; CD39; IL7RA.CD127; CD8A; ITB7; CD8B; CD38; ITAX.CD11C"
"GP120","","","","","Ifngas1; Ccl5; Ly6c2; Il2rb; Nkg7; Sidt1; Ms4a4b; Epsti1; Gramd3; Ifngr1; Sell; H2az1; Ms4a4c; Fgf13; Hopx","Igfbp4; Inpp4b; Lef1; Ifi27l2a; Itgb7","CD44; CD45RB; CD62L; CD49B; CD8B; GR1-LY6G-LY6C1-LY6C2; CD38; CD8A; CD11A; ICAM1; CD29; CD27; CD86; CD39","ITB7; CD4; CD103; ITA4.CD49D; FR4; CD2; CD73.5NTD; CD31; CD5; SCA1; GITR.CD357; ICOS.CD278; IL7RA.CD127; NEUROPILIN1.CD304; SLAM.CD150"
"GP121","","","gdT.D; gdT.E; gdT.X; gdT.wM; CD8aa.D; CD8aa.wM; Tz.wM; DN.G; DN.wM","","Ikzf2; Dennd4a; Rabgap1l; Chn2; St6galnac3; Prkch; Lrmda; Myo1e; Klf2; Tox; Dock10; Bcl2; AU020206; Malat1; Tmsb10","Ccl5; Gzma; AW112010; Cd7; Nkg7; Fcer1g; Gzmb; Srgn; Tyrobp; Aff3; Junb; Cd3g; Cox8a; Itm2b; Cst7","CD55.DAF; CD2; CD73.5NTD; THY1.2; CD62L; CD27; GITR.CD357; CD45RB; CD44; CD31; SCA1; CD160; CD4; KLRG1; ICAM1","ITAX.CD11C; CD24; CD38; GR1-LY6G-LY6C1-LY6C2"
"GP122","","","DN.A","","Ptprm; Hdac9; Myb; Smc4; Slamf7; Gpr183; Slamf6; Tox; Ift80; Ms4a4b; Pde7a; Atp8b4; Clec2d; Nek7; Eomes","Cd52; Il7r; Ccl5; Satb1; AW112010; Cd2; Camk4; Cd7; Ctsw; Slfn2; Inpp4b; Fxyd5; Pag1; Cytip; Maml2","GR1-LY6G-LY6C1-LY6C2; CD45RB; CD62L; CD86; CD38; CD24; CD4; CD39; ITAM.CD11B; ITA4.CD49D; ITB7; FR4; CD31; CD80; CD73.5NTD","CD44; THY1.2; CD49B; ICOS.CD278; KLRG1; ICAM1; NEUROPILIN1.CD304; CD155.PVR; CD29; LY49A; TCRGD; BTLA.CD272; CD103; CD11A; CD5"
"GP123","","","","","Phactr1; Myl10; Sorcs1; Slit3; Stfa3; Dntt; Ly6d; Inpp4b; Plac8; Krt18; Rgs9; Ahnak; Malat1; Ptprk; Rgcc","Sostdc1; H2ac8; H1f5; Hdac9; Tmsb10; Hist1h2ap; Pclaf; H1f4; H4c4; Cux1; Tmsb4x; Gfra1; Ptprm; Smc4; Msi2","CD4; GR1-LY6G-LY6C1-LY6C2; CD86; ITAM.CD11B; CD39; CD45RB; IL7RA.CD127; CD38; ITB7; CD24; ITA4.CD49D; CD62L; CD80; CD8A; CD8B","CD44; THY1.2; ICOS.CD278; KLRG1; CD49B; NEUROPILIN1.CD304; TCRGD; ICAM1; LY49A; CD29; CD155.PVR; BTLA.CD272; CD103"
"GP124","","","gdT.X","","Gzmk; Arhgap29; H19; Cpeb4; Supt3; Irgm2; Tmem52b; Abca5; Hs6st3; Fam221a; Trf; S100g; Spsb4; Klk1; Myzap","Ptprm; Hdac9; Ccnb2; Slamf7; Phactr1; Ifngas1; Cxcl3; Ptprk; Sostdc1; Pou2af1; Tff1; Stfa3; Dnah8; Slit3; Glis3","CD4; GR1-LY6G-LY6C1-LY6C2; CD39; CD86; CD24; CD38; CD45RB; IL7RA.CD127; ITA4.CD49D; ITAM.CD11B; ITB7; CD80; SCA1; CD62L; CD8B","CD44; CD49B; THY1.2; ICOS.CD278; KLRG1; LY49A; NEUROPILIN1.CD304; TCRGD; ICAM1; CD29; CD155.PVR; BTLA.CD272"
"GP125","","","","","Klra4; Gzma; Sostdc1; Tyrobp; Klra8; Prf1; AW112010; Klri2; Zeb2; Arsb; Tff1; Sell; Itga2; Setbp1; Adamts14","Klra7; Cd3e; S100a6; Gzmk; Ly6c2; Ikzf2; Xcl1; Klra1; Klrc1; Cd3d; Gimap3; Hopx; Cd3g; Adam19; Klra6","CD62L; CD49B; ITAM.CD11B; CD4; CD44; CD55.DAF; CD24; B220; SCA1; IL2RA.CD25; CD38; CD45RB","LY49A; THY1.2; ITB7; ITA4.CD49D; CD2; ICOS.CD278; CD69; CD103; CD160; KLRG1; CD86; CD11A; GR1-LY6G-LY6C1-LY6C2; CD155.PVR; ICAM1"
"GP126","","","DN.F","","Ncr1; Tyrobp; Fcer1g; Klrb1c; S100a6; Gzma; Klrc1; Klrk1; Xcl1; Klre1; Adgre5; Ahnak; Atp1b1; Itga4; Fgl2","Klra7; Ikzf2; Cd8a; Cd3e; Cd3d; Cmss1; Ly6c2; Ly6a; Cd3g; Emb; Cdk8","ITAX.CD11C; LY49A; CD49B; CD62L; CD11A; CD29; THY1.2; ITAM.CD11B; CD31; CD45RB; CD55.DAF; TCRGD; TCRVG2; ITA4.CD49D","CD8A; CD73.5NTD; CD5; CD8B; SCA1; CD69; CD160; B220; GR1-LY6G-LY6C1-LY6C2; CD38; CD103; SLAM.CD150; LY108; FR4"
"GP127","DN specific","DN","CD8.wV; CD8aa.B; CD8aa.E; Tz.A; Tz.B; DN.B; DN.C; DN.D; DN.E; DN.F; DN.H; DN.I; DN.P; DN.wM; DP.wD","mammary gland","Klra7; Gzmk; Klra1; Xcl1; Klra6; Ikzf2; Fcer1g; Klre1; Klrk1; Ldha-ps3; Klrb1c; Atp1b1; Itga4; Zfp943; Pld3","Sostdc1; Tff1; Cd8a; Pdcd1; Gzmb; Ccnb2; Ly6a; Ifngas1; Cxcl3; Tmsb10; Gzma; Ncr1; Itgb1","LY49A; THY1.2; CD2; ITA4.CD49D; CD11A; CD69; ICAM1; ICOS.CD278; CD49B; KLRG1; CD62L; ITB7; LY108; CD29","SCA1; CD38; CD4; CD73.5NTD; CD24; CD8A; CD39; TCRGD; ITAM.CD11B; CD27; IL2RA.CD25; CD44; GITR.CD357"
"GP128","","","","","Cav1; Ptprk; Slamf7; Anxa5; Gpr183; Epcam; Oxsr1; Mcl1; Eomes; Tspan3; Sell; Irf2; Anxa2; Krt18; Itgad","Ccl5; Cd52; Cd2; Ikzf2; AW112010; H2-D1; Junb; Itgb1; Pdcd1; Il2rb","B220; CD62L; CD73.5NTD; CD44; CD45RB; CD155.PVR; CD69; LY49A; CD55.DAF","GITR.CD357; CD4; CD2; CD5; CD86; ICAM1; CD8A; CD29; CD11A; CD8B; CD24; CD160; CD49B; IL7RA.CD127; ITA4.CD49D"
"GP129","","","CD8.wX","","Slc30a3; Ucp2; Crtam; Lat; Ctsw; Eomes; Slamf7; B4galnt1; Adgre5; Xcl1; Cd82; Tnfrsf9; Dgkz; Nrgn; Penk","Ly6e; Tmsb10; Pdcd1; Ikzf2; Id3; Selenow; Anxa2; Hif1a; Malt1; Tmsb4x; Cd8a; Ldha","CD155.PVR; KLRG1; CD11A; CD160; ITB7; CD86; CD29; CD5","CD8B; CD8A; CD73.5NTD; NEUROPILIN1.CD304; ICAM1; ITAM.CD11B; CD44; CD24; CD27; CD39; CD45RB; CD4; CD103"
"GP130","","","","","Nrgn; Tnfrsf9; Ccl1; Nkg7; Anxa2; Areg; Gadd45b; Jund; Ccr7; Xcl1; Lgals3; Sdf4; Rgs16; Tnfrsf4; Rgcc","Tff1; Cmss1; Sostdc1; Cdk8; Gzmk; CT010467.1; Mir6236; Ccl5; Itm2b; Ly6e; Ly6a; Ifngr1; Hs6st3; Camk1d; Tmsb10","TCRVG3; KLRG1; CD29; CD27; THY1.2; NEUROPILIN1.CD304; ICOS.CD278; CD31; CD49B; CD44; LY49A; CD155.PVR; TCRGD; CD55.DAF","CD73.5NTD; CD5; CD38; ITB7; CD45RB; CD4; CD69; ICAM1; GR1-LY6G-LY6C1-LY6C2; TCRVG2; CD86; ITAM.CD11B; IL7RA.CD127; CD2; CD11A"
"GP131","","","","","Cstb; Defb8; Ier5l; Fth1; Trmt61b; Cdk11b; Rgcc; S100a7l2; Ppp1cc; Gucy2c; Map1lc3a; Lgals3; Mgll; Snhg15; Sema6d","Fabp2; Il12rb2; Nr4a1; Tmem123; Klf4; Tjp1; Pltp; Map1b; Tiam1; Zmat4; Lin54; Pdxk; Mest; Nrip3; Slc24a3","CD29; CD24; TCRVG3",""
"GP132","","","","","Dgat2; Itgae; Fa2h; Odc1; Glud1; Pnpla5; Rora; Rheb; Slc2a3; Slc15a2; Ddx3x; Tgif1; Lmnb1; Rarres1; Nrn1","Adgrl2; Carmil1; Il12rb2","",""
"GP133","","","DN.A","","Slit3; Hdac9; Slamf7; Myb; Eomes; Ptprk; Gpr183; Foxp1; Txk","Ccl5; Cd52; Cd5","B220; CD45RB; CD155.PVR; CD24; CD80; CD73.5NTD; CD69; CD62L; CD44; SLAM.CD150; LY49A; ICOS.CD278; CD55.DAF; CD27; CD31","GITR.CD357; CD2; CD4; CD5; ICAM1; NEUROPILIN1.CD304; CD8A; SCA1; CD86; TCRGD"
"GP134","","","","","Sostdc1; Gzmk; Nrgn; Sfmbt2; Cxcl3; Slc5a3; Crip1; Arhgap36; Olfr698; Cd200; Rtl1; Ncapg2; Ralyl; Ccl1; Igkv3-1","Slit3; Stfa3; Ptprk; Setbp1; Olfm3; Tff1; Cav1","CD44; THY1.2; CD49B; ICOS.CD278; KLRG1; NEUROPILIN1.CD304; LY49A; TCRGD; ICAM1; CD29; CD155.PVR; BTLA.CD272; CD103","CD4; GR1-LY6G-LY6C1-LY6C2; CD86; CD39; CD38; ITAM.CD11B; CD45RB; IL7RA.CD127; ITA4.CD49D; CD24; ITB7; CD62L; CD80; SCA1; CD8A"
"GP135","stress","","","","Hspa1a; Hspa1b; Hsp90aa1; Hsp90ab1; Dnajb1; Hspa8; Hsph1; Hspe1; Dnaja1; Jun; Ubb; Klf6; Hspd1; Ubc; Nr4a1","","THY1.2; SCA1; CD160; CD39; CD69; CD38; CD5; FR4; NEUROPILIN1.CD304; CD31; CD29; CD4; GITR.CD357; KLRG1; CD103","CD62L"
"GP136","","","","","Reg4; Socs4; Adgrg5; Cnnm2; Atg10; Aldh18a1; Fabp2; Gab2; Calhm2; Klhl5; Hmgxb3; Limk1; Mir703; Fdxacb1; Trmt61b","Rbp2; Defa24; Apoa1; Fabp1; Adgrl2; Defa30; Ell2; Il1rl1; Tjp1; Ckmt1; Il13; Lyz1; Gzmk; Fermt2; Spink1","CD49B; CD29; ITAM.CD11B; CD4; CD155.PVR; NEUROPILIN1.CD304; CD24; CD80; CD55.DAF; CD31; CD62L; LY49A; TCRVG3; IL2RA.CD25; IL7RA.CD127","ICAM1; CD27; CD44; CD45RB; CD103; B220; ITA4.CD49D; CD69; CD160; TCRGD; KLRG1; CD2; CD11A; CD73.5NTD; CD8B"
"GP137","","","","","Mat1a; Rcsd1; Ass1; Scp2; Tmem176b; Fcer1g; Trappc3; Klrk1; Tmem9b; Lap3; Pdzd2; Pcbd1; Rnf14; Acaa1b; Ndufb4","Serpina1e; Gzmk; Kap; Apoe; Selenbp2; Fermt2; Ocln; Hrg; Slc25a42; Mup7; Akr1c6; Chpt1; Arsg; Prox1os; Inmt","",""
"GP138","","","","","Gstp1; Cttnbp2; Serpina1e; Hrg; Rbm10; Abr; Gnptab; Chpt1; Bri3; Selenbp2; Capn2; Furin; Trf; Cwc25; Akr1c6","Alb; Ass1; Hamp; Apoc3; Lap3; Gzmk; Serpina1d; Fam20b; Fbp1; Pah; Uox; Acaa1b; Snhg10; Gchfr; Ambp","",""
"GP139","","","","","Abca8a; Cnot4; Mmd; Irf2bp2; Sft2d3; Csnk2a2; Rbp4; Snhg16; Ybx3; St14; Parp8; Trio; Hspb11; Atp2a2; Rnf6","Kap","",""
"GP140","","","","","Aqp8; Prap1; Rab4a; Klf10; Gstm1; Ciapin1; Uox; Map3k2; Apoc3; Fabp1; Gsdme; AI854703; Arap3; Ercc6l; Vps53","Trmt61b; Areg; Gzmk; Serpina1e; Chpt1; Nfil3; Hrg; Selenbp2; Ttr; Slc25a42; Carmil1; Ocln; Cttnbp2; Mical2; Apoa1","",""
"GP141","","","","","Ambp; Cttnbp2; Fam20b; Phldb2; Miga1; Ggact; Nenf; Zdhhc23; Psmg2; Pstpip2; Zfp229; Igf2bp2; Ccrl2; Mcpt4; H4c6","Serpina1d; Alb; Fabp1; Car3; Gsta3; Serpina1e; Gstm1; Optn; Pdzd2; Mat1a; Rbp4; Pign; Hgd; Slc24a3; Apoc1","",""
"GP142","","","","","Cttnbp2; Serpina1d; Gzmk; Ttc36; Car10; Nhlrc3; Slc16a4; Wfs1; Kng1; Rbp4; Miox; Gucd1; Hgd; Optn; Ntf5","Alb; Ambp; Serpina1b; Tjp1; Hrg; Mup7; Apoe; Selenbp2; Ahsg; Hspa1a; Mcpt4; H4c6; Ovgp1; Uggt2; Ocln","CD8B; CD73.5NTD; CD45RB; CD38; THY1.2; ITA4.CD49D; CD8A; CD27; IL7RA.CD127; KLRG1; TCRVG2; CD69; CD160; CD5; CD62L","CD4; TCRVG3; ICOS.CD278; SCA1; CD49B; IL2RA.CD25; CD2; LY108; CD44; CD39"
"GP143","","","","","Alb; Cttnbp2; Hspa1a; Fabp2","Serpina1d; Aqp8","CD4; TCRVG3; ICOS.CD278; CD44; LY49A; CD49B; CD2; CD24; IL2RA.CD25; CD155.PVR; LY108; CD29","CD8B; CD73.5NTD; CD38; CD45RB; CD8A; THY1.2; CD5; ITA4.CD49D; CD27; TCRVG2; IL7RA.CD127; CD80; CD160; B220; KLRG1"
"GP144","","","","","Ugt2b34; Fabp2; Hspa1a; Cep83; Ccr2; Fabp6; Zbtb16; Rhoq; Vopp1; Cldn7; Lmbrd1; Snx9; Perp; Hus1; Tbcel","Defa24; Defa30; Fabp1; Rbp2; Defa38; Defa21; Defa39; Apoa1; Defa22; Gzmk; Lyz1; Itln1; Apoc3; Apoa4; Spink4","CD4; TCRVG3; CD24; IL2RA.CD25; ICOS.CD278; CD49B; CD155.PVR","CD8B; CD73.5NTD; CD38; CD45RB; THY1.2; CD8A; CD160; CD27; CD5; ITA4.CD49D; TCRVG2; IL7RA.CD127; CD80; B220; KLRG1"
"GP145","","","","","Fabp2; Gzmk","Rgs1; Apoa1; Reg3b; Hspa1a","CD8B; CD73.5NTD; CD45RB; ICAM1; CD38; CD27; ITA4.CD49D; THY1.2; CD160; CD103; CD8A; TCRVG2; B220; TCRGD; KLRG1","CD4; CD49B; CD29; TCRVG3; CD155.PVR; CD24; ITAM.CD11B; LY49A; ICOS.CD278; IL2RA.CD25"
"GP146","","","","","Fabp2; Slc10a2; Fabp6; Klrh1; Ahi1; Kcmf1; Ppp1r3b; Kap; Slc16a6; Gpr141; Luzp1; Zmym4; Ddc; Lyn; Car2","Rbp2; Fabp1; Apoa1; Ckmt1; Spink1; Lgals4; Apoc3; Clec2h; Sult1b1; Gpx2; Zg16; Gda; Sult1d1; Gzmk; Adh6a","ITAM.CD11B; CD4; CD49B; CD24; CD29; CD86; GR1-LY6G-LY6C1-LY6C2; CD155.PVR; CD80; CD62L; CD5","ICAM1; CD27; CD160; CD103; CD11A; KLRG1; CD44; ITA4.CD49D; CD45RB; CD2; TCRGD; B220; TCRVG2; CD69; ICOS.CD278"
"GP147","","","","","Reg3g; Gzmk; Klra7","Fabp2; Phgr1; Cldn7","ICAM1; CD27; CD45RB; ITA4.CD49D; CD103; GITR.CD357; CD44; TCRGD; CD73.5NTD; CD160; CD69; B220; TCRVG2; KLRG1; CD11A","CD49B; CD4; CD29; ITAM.CD11B; CD24; CD155.PVR; LY49A; CD55.DAF; CD80; NEUROPILIN1.CD304; CD5; TCRVG3; GR1-LY6G-LY6C1-LY6C2; CD86; IL2RA.CD25"
"GP148","","","","","Rbp2; Fabp1; Apoa1; Ckmt1; Apoc3; Clec2h; Spink1; Sult1b1; Apoa4; Guca2b; Lgals4; Smim22; Gpx2; Prap1; Gda","Fabp2; Gzma; Fabp6; Gzmb; Kap; Gpx3","ICAM1; CD44; CD2; CD103; GITR.CD357; CD27; ICOS.CD278; TCRVG3; CD11A; ITB7; TCRGD","ITAM.CD11B; CD38; CD29; CD49B; CD8B; CD5; CD73.5NTD; CD80; NEUROPILIN1.CD304; THY1.2; CD8A; CD55.DAF; IL7RA.CD127; GR1-LY6G-LY6C1-LY6C2; CD24"
"GP149","","","","","Pcdh7; Areg","","ITB7; CD103; TCRGD; TCRVG3; TCRVG2; CD24; IL7RA.CD127; ICAM1; CD73.5NTD; CD49B","ICOS.CD278; CD8A"
"GP150","","","gdT.Z","","Malat1; Tmem176b; Tmsb4x; AW112010; Ifngr1; CT010467.1; Tmem176a; Ctla4; Cmss1; Il7r; Agap1; Ddx5; Myo1e; H2-D1; Itm2b","Olfm3; Slc25a3; Crip1; Mest; Cdkn1a; Atp5md; S100a6; Anxa2; Nr4a1; Lmna; Tnfrsf9; Rn7sk; Areg; Fth1; Cstb","CD73.5NTD; THY1.2; CD5; CD38; KLRG1; CD8B; NEUROPILIN1.CD304; CD160; ICOS.CD278; CD27; CD45RB; B220; TCRGD; ICAM1; CD103","CD4; CD86; GR1-LY6G-LY6C1-LY6C2; ITAX.CD11C; GITR.CD357; CD155.PVR; ITAM.CD11B; TCRVG3"
"GP151","","","CD8.P; CD4.U; CD4.P; Treg.P; gdT.R; gdT.X; CD8aa.P; Tz.D; Tz.P; DN.P","","Pxdc1; Lmo4; Ramp3; Sptssa; Lgals3; S100a6; Ramp1; Il7r; Rgcc","Cd163l1; H2-K1; Cd247; Ctla4; Ubb; Hopx; H2-D1; Vim; Rgs1; Pfn1; Il17a; Il21r; Ostf1; Pdcd1; B2m","ICOS.CD278; KLRG1; CD103; THY1.2; CD27; CD44; CD73.5NTD; ITB7; CD8B; ITAX.CD11C; BTLA.CD272; CD160","CD4; CD86; CD5; CD55.DAF; GITR.CD357; ITA4.CD49D; CD69; SLAM.CD150; CD38; CD62L; ITAM.CD11B; CD39; CD45RB; CD29"
"GP152","","","CD4.U; CD4.Y; Treg.D; Treg.E","","Ctla4; Itm2b; Il10; CT010467.1; Tmsb4x; Maf; Malat1; Icos; Rgs1; Cmss1; Tpt1; Ifngr1; Ly6a; Ccr2; Actb","Ccl5; Tnfrsf9; Cd8b1; Cd83; Rel; Cd52; Cd74; Nr4a2; Cd8a; Pdcd1; Gramd3; Ikzf2; Ccr7; Nkg7; Pglyrp1","THY1.2; ICOS.CD278; CD73.5NTD; CD5; CD44; SCA1; KLRG1; CD4; TCRGD; CD160; B220; SLAM.CD150; CD27; LY108; TCRVG3","CD8B; CD86; GR1-LY6G-LY6C1-LY6C2; ITAM.CD11B; CD45RB; CD8A; ITAX.CD11C; GITR.CD357; CD62L; ITB7; TCRVG2; CD80; LY49A"
"GP153","","","CD8.P; CD4.Y; CD4.P; gdT.Q; Tz.P; DN.P","","Sox13; Crip1; Blk; Ccr9; Maf; Cd247; Cd163l1; Etv5; Slc9a9; St6gal1; Exoc4; Ifngr1; Gzma","Lck; Cpa3; Shisa5; Ccl5; Satb1; Cd2; Tcf7; Cd5; Cd28","TCRVG2; TCRGD; CD44; CD103; SCA1; ICAM1; CD55.DAF; FR4; CD11A; IL2RA.CD25; LY49A; ITB7","CD4; CD45RB; CD5; CD8B; CD2; CD8A; ITA4.CD49D; CD86; LY108; CD27; NEUROPILIN1.CD304; CD73.5NTD; GITR.CD357; CD38; CD62L"
"GP154","","","gdT.X","","Ccr7; Ifi27l2a; Myl10; Plac8","CT010467.1; Ccl5; Tpt1; Cmss1; Cdk8; Eef1a1; Actb; Gzma; Tmsb4x; Fau; Pfn1; Malat1; Mir6236; Rack1; H2-D1","","THY1.2; CD73.5NTD; CD27; CD45RB; CD103; CD8A; NEUROPILIN1.CD304; CD11A; CD38; TCRGD; CD29; ITB7; CD24; KLRG1; SLAM.CD150"
"GP155","","","gdT.R","","Gzma; Cdk8; Tcf7; Eef2; Gas5; Ccr9; Eef1a1; Gzmb; Itgae; Eif3f; Rn7sk; Cd8b1; Ccr7; CT010467.1; Dntt","Tmsb4x; H2-K1; Cd52; Tmsb10; Tagln2; AW112010; Bhlhe40; Ms4a4b; Vim; Pfn1; Rgs1; Lcp1; Actg1; Ifngr1; Mir6236","THY1.2; CD103; CD27; KLRG1; ICOS.CD278; CD8B; TCRGD; ITB7; NEUROPILIN1.CD304; CD8A; CD160; BTLA.CD272; LY108; B220; CD155.PVR","CD4; ITAM.CD11B; GITR.CD357; CD86; CD38; GR1-LY6G-LY6C1-LY6C2; CD39; CD2; IL7RA.CD127; CD5; CD73.5NTD; SLAM.CD150; SCA1; ITA4.CD49D; CD55.DAF"
"GP156","","","CD4.U; gdT.Q; gdT.X","CNS","Hs3st1; Hilpda; Zfp36l1; Ldha; Ptpn13; Hes1; Abhd17c; Dusp1; Slc25a3; Itm2b; Ipmk; Sub1; Calca; Lmo4; Gpx4","Il1rl1; Crip1; S100a6; Odc1; Hopx; S100a10; Tmsb10; Lmna; Thy1; Cmss1; S100a11; Pxdc1; Vim; Lgals1; Ifi27l2a","SCA1; CD38; CD24; CD69; CD45RB; GR1-LY6G-LY6C1-LY6C2; TCRVG2; CD8A; ITAM.CD11B; CD73.5NTD; CD62L; CD39; CD8B; LY49A; FR4","CD2; CD103; NEUROPILIN1.CD304; CD5; GITR.CD357; KLRG1; ITB7; CD29; LY108; ICOS.CD278; THY1.2; CD44; SLAM.CD150; BTLA.CD272; B220"
"GP157","","","","","Dcn; Ctla2a; Rarres2; Gpx3; Igfbp7; Sparc; Mt1","Lmcd1; Smim17","ITAM.CD11B; LY49A; SCA1; TCRVG2; CD39; CD29; CD80; GR1-LY6G-LY6C1-LY6C2; ITAX.CD11C; CD160; CD49B; CD69; CD62L; CD155.PVR; CD24","THY1.2; GITR.CD357; ICOS.CD278; CD2; CD44; CD103; SLAM.CD150; CD4; ITB7; CD5; NEUROPILIN1.CD304; CD11A; CD73.5NTD; CD27; BTLA.CD272"
"GP158","","","","","Emx2os; Plp2; Hacd2; Os9; Eif4enif1; Kmt5b; Dcaf1; Fzd6; Qsox1; Rapgef5; Nbeal1; Arhgap18; Dcxr; Tcf20; Il10rb","Kap; Cdk8","CD29; CD49B","THY1.2"
"GP159","","","CD4.U","","Il1rl1; CT010467.1; Il7r; Cmss1; Cdk8; Eef1a1; Mir6236; Tpt1; Tmsb4x; Tmsb10; Il31ra; Gata3; Rora; Camk1d; Eef2","Ccl5; Gzmb; S100a6; Anxa2; Nkg7; Il10; Odc1; Ctla4; Lgals1; Capg; Il2rb; Maf; Lag3; AW112010; Ccl4","KLRG1; THY1.2; ICOS.CD278; CD44; NEUROPILIN1.CD304; CD5; CD160; CD31; CD49B; CD73.5NTD; TCRGD; CD29; B220; BTLA.CD272; CD27","CD86; ITAM.CD11B; GR1-LY6G-LY6C1-LY6C2; ITAX.CD11C; CD39; TCRVG2; CD38; ITB7; CD45RB; CD8A; CD8B; GITR.CD357; CD62L; LY49A"
"GP160","","","","CNS","Erv3; Slc39a8; Bambi; Ccrl2; Zdhhc11; Mmp19; Igkv14-126; Grk5; Gch1; Adam9; Rrad; Plcd1; Mxra7; Scgb1a1; Itga7","Hspa1a; Lmcd1; Hspa1b; Cryab; Dcn; Gpx3; Fabp4; Prl8a2; Rarres2; Il17a; Tfpi2; Sparc; Fstl1; Pxdc1; Ramp3","",""
"GP161","","","CD4.Y; gdT.X","","Il17a; Junb; Pdcd1; Rgs1; Nr4a1; Ramp1","Gzmb; AW112010; Cxcl3; Gzma; Ly6a; Pxdc1; Ccl5; Ifngr1; Il10; Nkg7; S100a6","THY1.2; KLRG1; CD44; ICOS.CD278; CD27; TCRGD; CD160; NEUROPILIN1.CD304; CD5; BTLA.CD272; B220; LY108; CD31; FR4; CD11A","CD86; GITR.CD357; ITAM.CD11B; CD39; GR1-LY6G-LY6C1-LY6C2; CD45RB; CD24; CD38; ITB7; CD8A; LY49A; IL7RA.CD127; CD4; TCRVG2; ITAX.CD11C"
"GP162","","","CD4.Y; gdT.Q; gdT.R; gdT.S; gdT.T; gdT.U; gdT.V; Tz.D","","Il22; Ly6a; Ermn; Il1r2; Cyb5a; Ifitm3; Atp1b2; Stat4; Ifng; Txnip; Cd163l1; Gimap6; Ern1","Il17a; S100a6; Crip1; Pxdc1; Lgals1; S100a10; S100a11; Tmsb4x; Capg; Gzmb; Junb; Nr4a1; Ramp1; Vim; Maf","THY1.2; KLRG1; CD44; ICOS.CD278; CD27; CD160; TCRGD; CD5; BTLA.CD272; FR4; LY108; CD11A; SCA1; NEUROPILIN1.CD304; B220","GITR.CD357; CD86; ITAM.CD11B; ITB7; GR1-LY6G-LY6C1-LY6C2; CD39; CD4; IL7RA.CD127; TCRVG2; CD45RB; CD38; CD24; CD8A; CD73.5NTD; SLAM.CD150"
"GP163","","","Tz.wM","","Laptm5; Cd52; Cd3g; Il2rg; Cd3e; Itm2b; Malat1; Lcp1; Shisa5; Actb; Fxyd5; Cd3d; H2-K1; Ptprc; Ly6e","Cmss1; Tpt1; Rack1; Ccl5; Cdk8; Eef1a1; H2az1; Ubc; Eef1b2; Eef2; Mir6236; Uba52; Filip1l; Gas5; Ly6c2","ITB7; CD5; CD103; FR4; ICOS.CD278; CD4; CD2; CD73.5NTD; CD31; IL7RA.CD127; SCA1; CD49B; NEUROPILIN1.CD304; LY49A; CD55.DAF","CD27"
"GP164","","","","","Msln; Clu; Os9; Pet100; Nap1l1; Ctsl; Cd63; Dctn4; Patz1; Cnot3; Pum3; Crebrf; Zhx2; Spp1; Wfdc2","Lmcd1; Smim17; Il1r2","CD49B; CD24; CD29; ICAM1; ITAM.CD11B; CD39; CD80; CD155.PVR; CD38; CD55.DAF; GR1-LY6G-LY6C1-LY6C2; CD73.5NTD; GITR.CD357; SLAM.CD150; CD2","TCRGD; KLRG1; CD5; ITB7; CD44"
"GP165","","","","","Kcnq5; Fam171b; Trim69; Cxcl2; Vmp1; Picalm; Lamc1; Ddr2; Fam129a; Il1r2; Rfx3; Mpp7; Apaf1; Lyg1; Ppp1r10","Ccr8","",""
"GP166","","","","CNS","Fau; Tmsb10; Uba52; Malat1; Serf2; Snrpg; Cox7c; Atp5e; Cd52; Cox6c; Tmsb4x; Tomm7; Atp5mpl; Ndufa3; Uqcrh","Cdk8; Cmss1; H2-D1; H2-K1; Vim; Tagln2; Mir6236; Klf2; Itm2b; Cnn2; Jund; Hexb; Selplg; Pkm; Psmb8","CD44; THY1.2; KLRG1; ITB7; ITAM.CD11B; ICOS.CD278; CD4; CD5; CD55.DAF; CD27; CD45RB; CD31; LY108; CD160; BTLA.CD272","LY49A; IL2RA.CD25"
"GP167","","","gdT.X","","Igkv17-127; Igha; Igkv3-2; Igkc; Iglv1; Igkv15-103","","SCA1; ITAM.CD11B; CD2; CD24; THY1.2; CD5; ICAM1; CD38; CD55.DAF; LY49A; CD11A; SLAM.CD150; FR4; CD39; ITAX.CD11C","ITB7; CD49B; CD103; CD8A; TCRGD; CD27; CD8B; GITR.CD357; NEUROPILIN1.CD304; KLRG1"
"GP168","","","","","Igkv1-133; Ighv6-3; Pnrc1; Igkv6-15; Hsp90ab1; Dennd4a; Tnfaip3; Vim; Ccl5; Igha; Tmsb10; Rgs1; Junb; Nfkbia; Fau","Ifi27l2a; Ubc; Itgb1; Jun","ITAM.CD11B; SCA1; CD24; THY1.2; CD2; ICAM1; CD4; CD39; CD11A; CD69; CD5; CD55.DAF; CD38; ITAX.CD11C; CD44","ITB7; GITR.CD357; CD103; CD62L; NEUROPILIN1.CD304; CD8B; CD8A; CD27; TCRVG2; TCRVG3; BTLA.CD272; CD49B"
"GP169","","","","","Gzmb; Gzma; Gzmk; Stfa3; Tff1; Nts; Ccl5; Cxcl3; Pxdc1; Galm; AU018091; Nkg7; Pak2; Klf2; Klf3","Sostdc1; Klra7; Camk1d; Xcl1; Cd52; CT010467.1; Thy1; Bhlhe40; Odc1; Klra1; Hspa1a; Igkv1-133; Il22; Igkv17-127; H2-K1","ICOS.CD278; THY1.2; CD44; KLRG1; NEUROPILIN1.CD304; TCRGD; TCRVG3; BTLA.CD272; CD27; CD160; B220; LY108; CD103; CD29; CD155.PVR","ITAM.CD11B; CD86; GR1-LY6G-LY6C1-LY6C2; CD45RB; GITR.CD357; CD4; CD38; IL7RA.CD127; CD39; CD62L; ITB7; TCRVG2; CD8A; ITAX.CD11C; SLAM.CD150"
"GP170","","","CD4.G; CD4.Q; CD4.R; CD4.X; CD4.Y; Treg.F; gdT.A; gdT.I; Tz.wM; DP.wF","","Gzma; Rora; Lat; Ccr9; Atxn1; Cdk8; Abcb1a; CT010467.1; Dtx1; AW112010; Srgn; Itgae; Gzmb; Cmss1; Hspa5","S100a6; Ly6c2; Fcer1g; Tmsb10; Tyrobp; Bcl2; Il2rb; Lef1; Klrd1; Anxa2; Nfkbia; Bach2; Cd2; Crip1; Vim","ITB7; CD103; THY1.2; CD73.5NTD; CD38; CD4; CD5; SLAM.CD150; CD8A; CD44; TCRGD; KLRG1; ITAX.CD11C; CD11A; CD160","CD62L; CD2; GITR.CD357; CD55.DAF; LY49A; CD39; CD29; CD27; CD31; CD155.PVR; CD45RB; GR1-LY6G-LY6C1-LY6C2; CD24; ITAM.CD11B; B220"
"GP171","resting","","DP.wF; DP.wG; DP.wP","","Igfbp4; Ccr7; Limd2; Arhgef1; Lef1; Ifi27l2a; Dgka; Cnn2; Cd52; Tcf7; Lat; Arhgap45; Npc2; Tspan32; Tle5","Ccl5; CT010467.1; Cmss1; Srgn; Cdk8; Nkg7; S100a6; Tpt1; Mir6236; Gzma; Tmsb4x; Ly6c2; S100a10; AW112010; Crip1","CD4; CD62L; FR4; CD5","CD73.5NTD; CD44; CD38; CD8A; CD45RB; CD103; CD29; ICAM1; CD49B; CD8B; THY1.2; CD160; ITB7; CD69; KLRG1"
"GP172","","","","","Prl3b1; Cts6; Il22; Hsd17b2; Shank1; Catsperd; Ctsj; Zfp64; Thumpd1; Dcaf17; Snrnp35; Ctsq; Il1r2; Ifi44; Mast1","Tpbpa; Tpbpb; Ceacam11; Cts3; Ceacam14; Prl8a9; Ccr10; Psg27; Flt1; Prl2c5; Tmsb10; Krt8; Rhox9; Dact1; Rgs9bp","",""
"GP173","","","","","Egr3; Egr1; Nr4a1; Nfkbid; Zfp36l1; Srgn; Nr4a3; Tagap; Dusp2; Myc; Cd69; Id3; Egr2; Ier2; Rilpl2","Klf2; Ccr7; Ifngr1; Grap2; Tsc22d3; Txnip; Gramd3","ITB7; CD24; CD103; FR4; CD8A; CD86; CD8B; CD2; CD38; CD55.DAF; CD4; CD39; CD73.5NTD; CD155.PVR; CD80","THY1.2; KLRG1; CD44; TCRGD; SLAM.CD150; ICAM1; CD160; TCRVG2; SCA1; B220; TCRVG3; LY108; CD27; CD69; IL2RA.CD25"
"GP174","","","CD8.D; CD4.Y; gdT.T; gdT.X; DN.H; DP.wH","","Nfkbia; Ltb; Ly6a; H2-K1; Irf1; Pim1; Stat1; Cd82; Traf1; Relb; Icam1; Ifi27l2a; Ly6e; Cyba; Bcl3","Vim; S100a6; Zfp36l2; Thy1; Tmsb4x; S100a10; Ucp2; Klf2; Rgs10; Tsc22d3; Crip1; Cd28; Arhgdib; Skap1; Klf6","SCA1; ICAM1; CD4; CD86; CD69; ICOS.CD278; GITR.CD357; SLAM.CD150; CD45RB; ITAM.CD11B; CD39; CD11A; GR1-LY6G-LY6C1-LY6C2; IL2RA.CD25; CD155.PVR","CD73.5NTD; THY1.2; ITB7; CD5; FR4; CD8B; CD44; KLRG1; ITA4.CD49D; CD29"
"GP175","","","gdT.X","","Stk39; B4galt1; Brwd1; Cdh1; Defa21; Kit; Zmynd8; Ppp1cb; Trip11; Asb2; Cdkl3; Wdr41; Ocrl; Mthfs; Ubr2","Fau; Defa24; Defa30","",""
"GP176","exh specific CD8, CD8R/S","","gdT.A","","Ccl3; Ccl4; Ccl5; Nr4a2; Nkg7; Gzmb; Ifng","CT010467.1; Tmsb10; Ly6e; Cmss1","CD8B; ITAX.CD11C; CD8A; CD39; CD38; CD86; ITAM.CD11B; CD80","CD4; CD44; CD73.5NTD; KLRG1; CD31; CD5; B220; LY108; IL7RA.CD127; CD45RB; CD27; SLAM.CD150; CD62L; ICOS.CD278; THY1.2"
"GP177","","","CD4.T; CD4.U; CD4.X; gdT.R; gdT.S; gdT.T; gdT.Z","skin","Cxcl3; Crip1; CT010467.1; Lmna; Ramp3; Itgb1; Fth1; Vps37b; Rora; H2az1; Rgcc; Nr4a1; Zfp36l2; Tmsb10; Dennd4a","Il22; Ctla4; Ly6a; Gzmb; AW112010; Il10; Itm2b; Maf; Jun; Capg; Pde5a; Arl6ip1; Ccl20; Tigit; Cyb5a","THY1.2; KLRG1; CD44; ICOS.CD278; NEUROPILIN1.CD304; TCRGD; CD27; CD160; BTLA.CD272; CD29; LY108; B220; CD103; TCRVG3; CD31","ITAM.CD11B; CD86; CD4; GR1-LY6G-LY6C1-LY6C2; CD38; CD39; GITR.CD357; CD45RB; CD62L; SCA1; ITAX.CD11C; TCRVG2; SLAM.CD150; IL7RA.CD127; CD24"
"GP178","","","gdT.X","","Car6; Dusp2; Gzmk; Jaml; Il22; Fam210b; Zfp683; Camk2g; Fosb; Atl2; Scgb1b27; Stx12; Aktip; Hist1h2ap; Ints10","Cxcl3; Hspa1a; Sostdc1","","CD45RB"
"GP179","","","gdT.X","","Mxd1; Pla2g2f; Il4; Fgl2; Golim4; Cd163l1; Bag3; Ifng; Nr4a1; Hpse; G2e3; Zfp652; Kctd12; Cd38; Rell1","Myo1e; Carmil1; Kir3dl1; Sema6d; Echdc2; Prox2; Zmat4; Rgs2; Map1b; Gcsam; Enox1; Mpp6; Rgs1; Dock4; Klrb1b","KLRG1; CD11A; CD49B; NEUROPILIN1.CD304; ITA4.CD49D; CD80; CD29; CD39; CD24; ICAM1; ITAM.CD11B; CD38; TCRVG3; SCA1; CD8A","CD55.DAF; CD5; FR4; CD73.5NTD; CD62L; IL7RA.CD127; CD45RB; CD69; ICOS.CD278; CD44"
"GP180","","","","","Lmo1; Ccl5; Nkg7; Ccl4; Cd8a; Eomes; Cd7; Ms4a4b; Cst7; Tox; Jun; Psmb8; Sh2d1a; Gapdh; Sp100","Ly6c2; Ifi27l2a; Gzmb; Gzma; H2-D1; S100a6; Inpp4b; Itgb1; Plac8; Icos; Dnajc15; Epsti1; Sh3bgrl3; Rgs1; Itgb7","CD8A; CD8B; CD38; CD39; ICAM1; CD80; CD44; KLRG1; CD27; CD11A; CD45RB; SCA1; CD24; CD2; CD69","CD4; CD73.5NTD; GITR.CD357; ITB7; CD55.DAF; SLAM.CD150; CD103; ICOS.CD278; CD62L; LY49A; CD29; ITA4.CD49D; CD31; GR1-LY6G-LY6C1-LY6C2; CD49B"
"GP181","","","CD8.K; CD8.P","","Gzmk; Ccl5; Nkg7; Cd8b1; Gzma; AW112010; Ms4a4b; Itga4; Cd8a; Ctsw; Ctsd; Ccl4; Gimap7","CT010467.1; Tpt1; Tmsb10; Tmsb4x; Cmss1; Eef1a1; Actb; Mir6236; Pfn1; Fth1; Cdk8; Hsp90ab1; Fau; Ptma; Ppia","CD8B; ITAX.CD11C; CD8A; KLRG1","CD4; CD62L; CD73.5NTD; GITR.CD357; CD45RB; IL7RA.CD127; CD55.DAF; CD31; ITB7; CD5; SLAM.CD150; CD103; ITAM.CD11B; CD49B; CD2"
"GP182","","","","","Ifitm1; Ifitm3; Ifitm2; Lgals3; S100a6; Ly6a; Lgals1; Klrd1; Plac8; Gzma; Il7r; Klrc1; Itgb1; Cd8b1","Ifi27l2a","CD44; ICOS.CD278; NEUROPILIN1.CD304; KLRG1; CD8B; CD49B; CD29; BTLA.CD272; CD160; CD80; CD103; CD155.PVR; TCRVG3; IL2RA.CD25; SCA1","CD45RB; CD38; GR1-LY6G-LY6C1-LY6C2; CD86; CD39; CD4; GITR.CD357; CD24; CD62L; ITA4.CD49D; ITAM.CD11B; FR4; LY49A; CD69; TCRVG2"
"GP183","","","gdT.R","","Gzmf; Gzmb; Prf1; Ly6c2; Mt1; Pdcd1; Lgals3; Tmsb10; Hilpda; Vps37b; Aldoa; Dusp5; Klrd1; Il2rb; Bhlhe40","Xcl1; Crip1; Srgn; Ifi27l2a; Inpp4b; Ccl5; Rgs1; Ndfip1; Penk; Ccl1; Cd7","THY1.2; ICOS.CD278; CD44; CD27; NEUROPILIN1.CD304; CD80; KLRG1; CD8B; TCRGD; SCA1; CD11A; B220; LY108; TCRVG3; CD160","ITB7; ITAX.CD11C; CD4; CD24; GR1-LY6G-LY6C1-LY6C2; CD86; ITAM.CD11B; CD38; CD73.5NTD; GITR.CD357; LY49A; CD45RB; CD103; ITA4.CD49D; CD62L"
"GP184","","","gdT.X","","Tff1; Klra7; Sostdc1; Il22; Il1r2; Serpine2; Cd160; Il17a; Gzmk; Thy1; Ctsw; Hs6st3; Hs6st2; Gem; Klra1","Gzmf; Gzmg; Ccl3; Gzma; Ifitm1; Gzmc; Spp1; Tnfrsf9; Gzmb; Lgals3; Ccl4; Cxcl3; Tnfrsf4; Mt1; Gadd45b","CD86; ITAM.CD11B; GR1-LY6G-LY6C1-LY6C2; GITR.CD357; CD45RB; CD4; CD62L; TCRVG2; CD2; SLAM.CD150; ITB7; IL7RA.CD127; CD38","THY1.2; ICOS.CD278; KLRG1; CD44; TCRGD; CD27; NEUROPILIN1.CD304; CD160; CD55.DAF; CD31; B220; BTLA.CD272; TCRVG3; CD103; CD29"
"GP185","","","","","Vwde; Ext1; Malt1; Pdcd1; Arid5b; Ikzf2; Ppp1r14b; Ly6a; Tox; Tox2; H2-Q7; Tasp1; Nab1; Lgals1; Spp1","Hs6st3; Tpt1; Slamf6; Nrgn","ICOS.CD278; SCA1; ICAM1; CD73.5NTD; CD160; CD80; CD11A; TCRVG3; CD69; BTLA.CD272; NEUROPILIN1.CD304; CD155.PVR; CD4; CD2; B220","ITB7; CD86; ITAM.CD11B; SLAM.CD150; CD62L; GITR.CD357; CD55.DAF"
"GP186","","","","","Hoxb5; Sostdc1; Xcl1; Maf; Ramp1; S100a4; Dgki; Timp2; Capg; Cxcl3; Ntng1; Il17a; Lmna; Lgalsl; Cacna2d3","Gzmk; Hs6st2; Gzma; Penk; Gpm6b; Hs6st3; Cd200; Plagl1; Il22; Nrn1; Il1r2; Farp1; Cacna1d; Marcksl1; Creb3l2","ITAM.CD11B; CD86; GITR.CD357; GR1-LY6G-LY6C1-LY6C2; TCRVG2; CD69; SLAM.CD150; LY49A; CD4","CD27; THY1.2; ICOS.CD278; NEUROPILIN1.CD304; KLRG1; CD31; CD160; B220; TCRGD; LY108; BTLA.CD272; CD44; CD55.DAF; CD103; CD62L"
"GP187","","","gdT.X","","Il22; Sostdc1; Tff1; Ly6a; Il1r2; Ctla4; Ostf1; Elmod1; Il2rb; AW112010; Ermn; Pde5a; Cyb5a; Il17f; Aldoa","Gzmk; Cxcl3; Stfa3; Lmna; CT010467.1; Crip1; Ms4a4b; S100a11; Il7r; Ramp1; Itga4; Vps37b; Samsn1; Atf3; Rgcc","ITAM.CD11B; CD4; CD86; GR1-LY6G-LY6C1-LY6C2; GITR.CD357; CD38; CD45RB; CD39; CD62L; TCRVG2; CD24; CD2; IL7RA.CD127; ITAX.CD11C; SLAM.CD150","THY1.2; KLRG1; ICOS.CD278; CD44; NEUROPILIN1.CD304; TCRGD; CD27; CD160; B220; BTLA.CD272; CD103; LY108; TCRVG3; CD29; FR4"
"GP188","contaminant","","","","Hs6st2; Cd34; H19; Hmgn2; Tyrobp; Hmgb2; Ccnb2; Rnf220; Birc5; Cenpa; Cks1b; Stmn1; Sox4; CT010467.1; Ube2c","Mki67; Cd3g; Top2a; Diaph3; Gata2; Ifitm1; Knl1; Bcl11b; Bcl2; Neil3; Themis; Myl10; Ifngr1; Cenpp; Lgals1","ITAM.CD11B; CD86; GR1-LY6G-LY6C1-LY6C2; GITR.CD357; CD45RB; CD4; CD62L; CD39; ITB7; IL7RA.CD127; CD38; TCRVG2; ITAX.CD11C; CD8A; SLAM.CD150","THY1.2; ICOS.CD278; KLRG1; CD44; CD27; CD160; NEUROPILIN1.CD304; TCRGD; B220; BTLA.CD272; TCRVG3; LY108; CD103; SCA1; FR4"
"GP189","","","","","Gzmk; Hs6st2; H19; Cpa3; Gata2; Tff1; Hs6st3; Apoe; Tpsab1; Epcam; Hdc; Plxdc2; Arpp21; Srxn1; Rab34","Cd34; Olfr91; Ifitm1; Klra7; Lrmda; Angpt1; Il1rl1; Adgrl4; Ifitm2; Napsa; Adgrg3; Hhex; Olfm5; Elmod1; Nrgn","ITAM.CD11B; CD86; GR1-LY6G-LY6C1-LY6C2; GITR.CD357; CD45RB; CD4; CD62L; CD39; CD38; ITB7; IL7RA.CD127; TCRVG2; ITAX.CD11C; CD8A; SLAM.CD150","THY1.2; ICOS.CD278; KLRG1; CD44; CD27; CD160; NEUROPILIN1.CD304; B220; TCRGD; BTLA.CD272; TCRVG3; LY108; CD103; SCA1; CD29"
"GP190","","","","","Dcpp1; Dusp2; S100a6; Egr1; Dcpp2; Kmt2c; Dennd4a; Xcl1; Isg20; Zc3h18; Rgs1; Dok2; Slamf7; Gng2; Armc7","Eef1b2","ITAX.CD11C; CD29; CD24; CD8B; ITA4.CD49D; CD11A; CD69; CD8A; CD155.PVR; CD2; THY1.2; CD103; CD86; CD39","CD45RB; CD27; CD4; CD55.DAF; CD44; CD80"
"GP191","","","","","Prl8a2; Ctla2a; Cryab; Procr; Gpx3; Fgf13; Kdm6b; Dus2; Cystm1; Gatm; Neto2","Tmsb10","CD155.PVR; CD31; CD160; CD49B; KLRG1; TCRVG2; TCRVG3; CD69; TCRGD; BTLA.CD272; THY1.2; FR4","CD5; ITA4.CD49D; CD2; CD11A; ITAX.CD11C; CD24; CD38"
"GP192","","","","","Gzmc; Gzmb; Xcl1; S100a6; Fcer1g; Tyrobp; Ctsw","Ccl5","LY49A; ITAX.CD11C; CD29; ITB7; CD103; ICAM1; CD2; GITR.CD357; CD45RB; CD69; B220; ITAM.CD11B; CD11A; CD24; CD39","CD5; CD4; CD62L; CD8A; ICOS.CD278; ITA4.CD49D; LY108; SCA1; CD38; CD31; SLAM.CD150; CD27; KLRG1; CD73.5NTD; CD55.DAF"
"GP193","","","","","Ccn3; Ero1l; Ctla2a; Rarres2; Slpi; Uhrf2; Lum; Gpx3; Cpe; Itgav; Xpo5; Ptpn13; Alg3; Plekhf2; Smoc2","Igfbp7","IL2RA.CD25; B220; SCA1; CD73.5NTD; TCRVG3; CD11A; CD80; CD38; CD5; CD86; TCRVG2; LY49A","BTLA.CD272; CD160; CD27; CD69; CD31; CD155.PVR; ITB7; SLAM.CD150; CD62L; GITR.CD357; TCRGD; IL7RA.CD127; ITAM.CD11B; ITA4.CD49D; CD55.DAF"
"GP194","","","","","Lmcd1; Smim17; Hspa1a; Lgals3; Cryab; Fstl1; Acod1; Prkab2; Fabp4; Ctsb; Hc; Clec7a; Pdgfa; Snapc1l; Tfpi2","Prl8a2; A2m; Erv3; Cd63","",""
"GP195","","","","","Mup15; Tex2; AU020206; Ddx42; Dnajb1; Arid2; Osbpl3; Swt1; Gbf1; Sla2; Suco; Isy1; Mark3; Frmd5; Ptpn5","Itpkb","CD39; CD44; CD5; CD69; IL7RA.CD127; CD11A; ICOS.CD278; B220; ITB7; CD73.5NTD; ITAM.CD11B; ICAM1; CD55.DAF; SCA1; SLAM.CD150","CD155.PVR; BTLA.CD272; CD8B; CD24; CD8A; CD45RB; TCRVG2; ITA4.CD49D; CD86; CD160"
"GP196","sex specific, Xist down, 7 Eif2s3y and Ddx3y up.","","CD4.Y; Treg.E","","Krt14; Gzma; Cmss1; Zg16; Hsp90ab1; Cd7; Gphn; Krt5; Gzmb","Rn7sk; Xist","CD103; GR1-LY6G-LY6C1-LY6C2; TCRVG2; CD80; CD160; ITB7; CD49B; TCRVG3; KLRG1; CD69; ITAX.CD11C; NEUROPILIN1.CD304; IL7RA.CD127; LY49A; TCRGD","CD5; CD2; CD11A; CD45RB; CD8A; ICAM1"
"GP197","","","gdT.Z","","Gzmk; Defa24; Cyp2c50; Il22; Defa30; Kap; Defa39; Defa38; Fkbp4; Cox6c; Il17a; Lgals3; Atp5g3; Top1; Ube2b","Hspa1a; Gzmc; Cxcl3; Fabp2; Defa41; Hspa1b; Ostf1; Gzmg; Olfm3; Rap1b; Clps; Cyp51; Ccl3; Tjp1; Il1rl1","CD73.5NTD; CD8B; CD38; CD45RB; THY1.2; CD8A; CD5; ITA4.CD49D; CD27; IL7RA.CD127; CD80; TCRVG2; CD160; B220; NEUROPILIN1.CD304","CD4; TCRVG3; ICOS.CD278; CD49B; CD2; CD24; CD44; IL2RA.CD25; LY49A; CD155.PVR; CD29"
"GP198","","","gdT.X","","Idi2; Cd81; Tnfsf11; Tnfsf9; Ccl1; Cd83; Cd74; Cd9; Synj2; Nfkb2; Tspan3; Cd70; Scin; Ier3; Krt17","Ctla4; Rgs16; Tff1; Nrgn; Spp1; Dusp4; C2cd4b; Ermn; Havcr2","CD69; IL2RA.CD25; TCRVG2; ITAX.CD11C; KLRG1; BTLA.CD272; CD29; B220","CD73.5NTD; CD2; THY1.2; CD11A; SLAM.CD150; CD38; CD27; CD45RB; CD24; CD4; CD39; CD55.DAF; SCA1; CD8A; CD80"
"GP199","","","gdT.X","","Tff1; Sostdc1; Ccl5; Ikzf2; AW112010; Il22; Ctsw; Il1r2; Gzmg; Cd74; Batf; Ltb; Cmss1; Cdk8; Cd83","Gzma; Gzmb; Il10; Ikzf3; Ramp3; Gadd45b; Icos; Odc1; Maf; Tnfsf11; Rgs1; Cxcl3; Lmna; Itm2b; Rgcc","ITAM.CD11B; CD86; GITR.CD357; GR1-LY6G-LY6C1-LY6C2; CD45RB; CD38; CD4; CD62L; ITAX.CD11C; IL7RA.CD127; CD39; CD2; ITB7; TCRVG2; CD80","THY1.2; ICOS.CD278; CD44; KLRG1; TCRGD; NEUROPILIN1.CD304; CD27; CD160; TCRVG3; BTLA.CD272; B220; LY108; CD103; CD31; FR4"
"GP200","","","","","Lor; Dlat; Pop4; Slc39a6; Marchf5; Tmem115; Cables2; Iffo2; Prpf6; Abt1; Wdr11; Ifitm2; Dhrs11; Spg7; Bmi1","Crem; Kcnma1; Slc16a10; Map2; Agap1; Mest; Map1b; Gla; Trpm6","CD29; NEUROPILIN1.CD304; CD8A; CD31; CD38; CD55.DAF; CD24; ITA4.CD49D; CD73.5NTD; GITR.CD357; ITAM.CD11B; CD45RB; KLRG1; CD27; CD8B","ICOS.CD278; B220; TCRGD; TCRVG3; CD160; CD11A; IL7RA.CD127; CD2; CD155.PVR; CD44; CD69; LY108; ITB7"
