"panel","lineage","gp","color","max_auc_in_lineage"
"s8a","CD8","GP2","#6A0100FF",0.968604941601745
"s8a","CD8","GP5","#FB766FFF",0.963392198248502
"s8a","CD8","GP10","#A75413FF",0.971967329606364
"s8a","CD8","GP15","#FFCE71FF",0.92832877438421
"s8a","CD8","GP16","#CF9500FF",0.979021267367602
"s8a","CD8","GP20","#201A01FF",0.915557282589714
"s8a","CD8","GP25","#FCFF7CFF",0.96462710073396
"s8a","CD8","GP26","#ABBC00FF",0.939323069668291
"s8a","CD8","GP29","#628402FF",0.94155439016047
"s8a","CD8","GP32","#60D900FF",0.909105385074736
"s8a","CD8","GP37","#00FF00FF",0.922651046963616
"s8a","CD8","GP44","#005300FF",0.912806912614089
"s8a","CD8","GP58","#39A76AFF",0.933065726162465
"s8a","CD8","GP77","#004250FF",0.922867675695392
"s8a","CD8","GP80","#009FFFFF",0.924493258507487
"s8a","CD8","GP118","#A192FFFF",0.953290449541794
"s8b","CD4","GP1","#FF0000FF",0.932988688841445
"s8b","CD4","GP2","#6A0100FF",0.965318592461022
"s8b","CD4","GP4","#FD4440FF",0.948045588361904
"s8b","CD4","GP5","#FB766FFF",0.979080590895188
"s8b","CD4","GP6","#9A4D42FF",0.992453381215331
"s8b","CD4","GP10","#A75413FF",0.963952537910281
"s8b","CD4","GP12","#B58354FF",0.966651050488243
"s8b","CD4","GP13","#563500FF",0.960771645562056
"s8b","CD4","GP16","#CF9500FF",0.959300741074147
"s8b","CD4","GP21","#FFF2BBFF",0.917590727340494
"s8b","CD4","GP25","#FCFF7CFF",0.962858532159603
"s8b","CD4","GP26","#ABBC00FF",0.914585688172986
"s8b","CD4","GP36","#A4FF73FF",0.980142220267991
"s8b","CD4","GP56","#02AD24FF",0.93828016044168
"s8b","CD4","GP72","#1F9698FF",0.986457521268663
"s8b","CD4","GP79","#0079A8FF",0.961799527905203
"s8b","CD4","GP80","#009FFFFF",0.920980224914054
"s8b","CD4","GP152","#EE70FEFF",0.966950125969904
"s8b","CD4","GP161","#A55DAEFF",0.924253734281554
"s8b","CD4","GP162","#422D42FF",0.915998336961038
"s8b","CD4","GP170","#A6009AFF",0.929876990200179
"s8b","CD4","GP177","#D4ADC5FF",0.96488344429655
"s8c","Treg","GP2","#6A0100FF",0.944720702181966
"s8c","Treg","GP5","#FB766FFF",0.97237531134051
"s8c","Treg","GP6","#9A4D42FF",0.943916656899643
"s8c","Treg","GP12","#B58354FF",0.927318562545514
"s8c","Treg","GP15","#FFCE71FF",0.956430614262573
"s8c","Treg","GP21","#FFF2BBFF",0.901931624296114
"s8c","Treg","GP25","#FCFF7CFF",0.900076765946599
"s8c","Treg","GP27","#C8FF00FF",0.98788304658898
"s8c","Treg","GP68","#005D43FF",0.976195025415053
"s8c","Treg","GP152","#EE70FEFF",0.977156264535223
"s8c","Treg","GP196","#F1085CFF",0.91992593644527
"s8d","gdT","GP1","#FF0000FF",0.94616846731374
"s8d","gdT","GP2","#6A0100FF",0.969143499800657
"s8d","gdT","GP3","#A10300FF",0.97604892011967
"s8d","gdT","GP6","#9A4D42FF",0.981957109458386
"s8d","gdT","GP7","#FFB79FFF",0.995045421163133
"s8d","gdT","GP8","#FE8F42FF",0.997140045621447
"s8d","gdT","GP13","#563500FF",0.991018430658927
"s8d","gdT","GP15","#FFCE71FF",0.98761340778145
"s8d","gdT","GP17","#886C00FF",0.965709165781557
"s8d","gdT","GP21","#FFF2BBFF",0.941966961175821
"s8d","gdT","GP23","#858567FF",0.938943269428765
"s8d","gdT","GP28","#424E20FF",0.950290454461843
"s8d","gdT","GP29","#628402FF",0.974592374572576
"s8d","gdT","GP30","#B1CC71FF",0.901953090360179
"s8d","gdT","GP49","#84E993FF",0.942090085385898
"s8d","gdT","GP62","#ABF5CCFF",0.980063325249235
"s8d","gdT","GP68","#005D43FF",0.926914655637902
"s8d","gdT","GP69","#00FFBEFF",0.939867915907648
"s8d","gdT","GP71","#9FBFBAFF",0.940922630526497
"s8d","gdT","GP72","#1F9698FF",0.957238073890878
"s8d","gdT","GP73","#14F9FFFF",0.95239395000267
"s8d","gdT","GP79","#0079A8FF",0.969306469509699
"s8d","gdT","GP81","#93D4FFFF",0.951681906378131
"s8d","gdT","GP85","#0073FEFF",0.932953030264933
"s8d","gdT","GP93","#00479EFF",0.94843488236683
"s8d","gdT","GP100","#004CFFFF",0.977481620629606
"s8d","gdT","GP101","#0010A6FF",0.943112164671956
"s8d","gdT","GP107","#0000FFFF",0.976336679475243
"s8d","gdT","GP110","#000033FF",0.908739742121534
"s8d","gdT","GP113","#000064FF",0.953843255463451
"s8d","gdT","GP117","#C3BBFFFF",0.9052848471183
"s8d","gdT","GP121","#766C95FF",0.978138300732215
"s8d","gdT","GP150","#7500D7FF",0.935117920462215
"s8d","gdT","GP151","#DD00FFFF",0.947286520420818
"s8d","gdT","GP162","#422D42FF",0.982208157609629
"s8d","gdT","GP167","#FFACFDFF",0.940738685923491
"s8d","gdT","GP170","#A6009AFF",0.914346330257283
"s8d","gdT","GP171","#720055FF",0.958550520176068
"s8d","gdT","GP174","#FF00B6FF",0.96356561778685
"s8d","gdT","GP177","#D4ADC5FF",0.946637916895916
"s8d","gdT","GP179","#914E6DFF",0.945773427718672
"s8d","gdT","GP183","#DC5E93FF",0.95910792801239
"s8d","gdT","GP187","#9F003FFF",0.931321908988957
"s8d","gdT","GP197","#470015FF",0.981509450833646
"s8e","CD8aa","GP1","#FF0000FF",0.919464253762996
"s8e","CD8aa","GP2","#6A0100FF",0.962649176501561
"s8e","CD8aa","GP3","#A10300FF",0.968454415857481
"s8e","CD8aa","GP22","#FFD300FF",0.947787321098444
"s8e","CD8aa","GP29","#628402FF",0.965570130209912
"s8e","CD8aa","GP62","#ABF5CCFF",0.973453603061702
"s8e","CD8aa","GP121","#766C95FF",0.953827620994798
"s8e","CD8aa","GP127","#4A276CFF",0.914505771722465
"s8e","CD8aa","GP171","#720055FF",0.955301235524049
"s8f","Tz","GP2","#6A0100FF",0.96198965793509
"s8f","Tz","GP5","#FB766FFF",0.976867730511082
"s8f","Tz","GP6","#9A4D42FF",0.955849695554994
"s8f","Tz","GP13","#563500FF",0.978093364213586
"s8f","Tz","GP21","#FFF2BBFF",0.924223963698078
"s8f","Tz","GP30","#B1CC71FF",0.992105080397934
"s8f","Tz","GP44","#005300FF",0.922287460290475
"s8f","Tz","GP121","#766C95FF",0.927070205660329
"s8f","Tz","GP151","#DD00FFFF",0.950603729066207
"s8f","Tz","GP162","#422D42FF",0.927275090685467
"s8g","DN","GP2","#6A0100FF",0.970839918468711
"s8g","DN","GP5","#FB766FFF",0.977666671616084
"s8g","DN","GP10","#A75413FF",0.969519597681978
"s8g","DN","GP12","#B58354FF",0.906110567079143
"s8g","DN","GP16","#CF9500FF",0.953483209935461
"s8g","DN","GP21","#FFF2BBFF",0.937870603061709
"s8g","DN","GP22","#FFD300FF",0.981350590438778
"s8g","DN","GP29","#628402FF",0.919632036558949
"s8g","DN","GP30","#B1CC71FF",0.96899831089341
"s8g","DN","GP44","#005300FF",0.928353857946784
"s8g","DN","GP63","#00FF83FF",0.905155968736899
"s8g","DN","GP80","#009FFFFF",0.902436387518709
"s8g","DN","GP101","#0010A6FF",0.976695874824603
"s8g","DN","GP117","#C3BBFFFF",0.926866503033154
"s8g","DN","GP121","#766C95FF",0.938269695247873
"s8g","DN","GP122","#783FC1FF",0.938665697948983
"s8g","DN","GP127","#4A276CFF",0.942555903183027
