"Factor","Max_AUC_Level1","annotation_Level1","Max_AUC_Level2","annotation_Level2","residual"
"GP14",0.559912254646312,"DP",0.997909412134156,"DP.wG",0.437997157487844
"GP8",0.514830700543717,"gdT",0.997140045621447,"gdT.Z",0.48230934507773
"GP7",0.588847427491114,"gdT",0.996084049100899,"DP.wG",0.407236621609785
"GP6",0.688572453242022,"Treg",0.992453381215331,"CD4.Y",0.303880927973309
"GP30",0.96626862713508,"Tz",0.992105080397934,"Tz.A",0.0258364532628536
"GP13",0.554162759155334,"Tz",0.991018430658927,"gdT.S",0.436855671503594
"GP27",0.76891530982599,"Treg",0.98788304658898,"Treg.D",0.218967736762991
"GP72",0.568956841159326,"DN",0.986457521268663,"CD4.Y",0.417500680109336
"GP171",0.641940882682088,"CD4",0.984784147359536,"DP.wG",0.342843264677448
"GP162",0.628973534487649,"gdT",0.982208157609629,"gdT.V",0.35323462312198
"GP197",0.562264402671415,"gdT",0.981509450833646,"gdT.Z",0.419245048162231
"GP36",0.559001378568249,"CD4",0.980142220267991,"CD4.Y",0.421140841699742
"GP62",0.685782994659758,"CD8aa",0.980063325249235,"gdT.B",0.294280330589476
"GP5",0.532905154487195,"CD8",0.979080590895188,"CD4.P",0.446175436407993
"GP16",0.55232507085378,"Treg",0.979021267367602,"CD8.F",0.426696196513822
"GP121",0.629893920811599,"gdT",0.978138300732215,"gdT.E",0.348244379920615
"GP100",0.73045877673068,"CD8aa",0.977481620629606,"gdT.F",0.247022843898926
"GP152",0.684367636496452,"Treg",0.977156264535223,"Treg.E",0.292788628038771
"GP107",0.490637657370577,"gdT",0.976336679475243,"gdT.Z",0.485699022104665
"GP68",0.94657211121281,"Treg",0.976195025415053,"Treg.A",0.0296229142022425
"GP3",0.788732817203872,"gdT",0.97604892011967,"gdT.B",0.187316102915799
"GP29",0.865483696085312,"CD8aa",0.974592374572576,"gdT.I",0.109108678487264
"GP10",0.595549147327846,"DP",0.971967329606364,"CD8.I",0.376418182278517
"GP2",0.561668794988375,"CD4",0.970839918468711,"DN.wM",0.409171123480337
"GP22",0.899348629743919,"DN",0.97002643234824,"DN.D",0.0706778026043207
"GP12",0.660267719689005,"Tz",0.966651050488243,"CD4.I",0.306383330799238
"GP177",0.583332658599644,"Tz",0.96488344429655,"CD4.X",0.381550785696906
"GP25",0.742667033586886,"Tz",0.96462710073396,"CD8.K",0.221960067147074
"GP79",0.621491498642189,"Tz",0.961799527905203,"CD4.X",0.340308029263013
"GP77",0.630173883634776,"DP",0.95752310060866,"DP.wE",0.327349216973884
"GP15",0.574863021982997,"DN",0.956430614262573,"Treg.C",0.381567592279576
"GP118",0.540501407771398,"DP",0.953290449541794,"CD8.K",0.412789041770396
"GP151",0.537924416505059,"gdT",0.950603729066207,"Tz.D",0.412679312561148
"GP93",0.606589378007433,"gdT",0.94843488236683,"gdT.Z",0.341845504359398
"GP4",0.536019897172151,"Tz",0.948045588361904,"CD4.wN",0.412025691189753
"GP1",0.720881701611041,"gdT",0.94616846731374,"gdT.C",0.225286765702698
"GP127",0.889979336770795,"DN",0.942555903183027,"DN.D",0.0525765664122323
"GP26",0.685636520312296,"Tz",0.939323069668291,"CD8.Q",0.253686549355995
"GP9",0.608292957065142,"DP",0.938952488461765,"DP.wC",0.330659531396623
"GP23",0.597984615440629,"Treg",0.938943269428765,"gdT.R",0.340958653988137
"GP122",0.56897530649227,"DN",0.938665697948983,"DN.A",0.369690391456713
"GP21",0.551783603483855,"DN",0.937870603061709,"DN.P",0.386086999577855
"GP150",0.5979054495794,"gdT",0.935117920462215,"gdT.Z",0.337212470882815
"GP58",0.974353137176709,"CD8",0.933065726162465,"CD8.A",-0.0412874110142438
"GP85",0.574503833684509,"gdT",0.932953030264933,"gdT.Z",0.358449196580425
"GP170",0.698422877563762,"Tz",0.929876990200179,"CD4.Y",0.231454112636416
"GP44",0.638770465044492,"DP",0.928353857946784,"DN.P",0.289583392902292
"GP80",0.820162833624079,"DN",0.924493258507487,"CD8.G",0.104330424883408
"GP161",0.58801237730353,"CD4",0.924253734281554,"CD4.Y",0.336241356978024
"GP37",0.651721606044313,"DP",0.922651046963616,"CD8.wV",0.270929440919303
"GP20",0.52996600808024,"DP",0.915557282589714,"CD8.K",0.385591274509474
"GP32",0.688812086423432,"DN",0.909105385074736,"CD8.J",0.220293298651305
"GP63",0.692843151131719,"DN",0.905155968736899,"DN.E",0.21231281760518
"GP101",0.611474908831041,"DN",0.896424611615314,"DN.A",0.284949702784273
"GP43",0.574371412224119,"gdT",0.884501087530988,"CD4.wN",0.310129675306869
"GP69",0.60852159477521,"Tz",0.881288683389648,"gdT.R",0.272767088614438
"GP35",0.616095546266687,"DN",0.877714579981234,"gdT.S",0.261619033714547
"GP106",0.571171637227427,"Treg",0.871393716601054,"gdT.Z",0.300222079373628
"GP48",0.547951489382443,"gdT",0.871377345396932,"DP.wG",0.323425856014489
"GP53",0.527955182027555,"gdT",0.862132563387577,"gdT.Z",0.334177381360022
"GP174",0.598128906289306,"Treg",0.860010265886235,"gdT.T",0.261881359596929
"GP133",0.508325877840629,"DP",0.857135879362681,"DN.A",0.348810001522052
"GP51",0.61822306172446,"DN",0.856222083541647,"gdT.U",0.237999021817186
"GP41",0.598981104120417,"CD4",0.84982986981398,"CD4.B",0.250848765693562
"GP153",0.515062781514825,"gdT",0.836466943672513,"gdT.Q",0.321404162157689
"GP49",0.542272426359863,"Tz",0.836078442006471,"gdT.E",0.293806015646608
"GP56",0.729305132295599,"Tz",0.835344134504261,"Tz.A",0.106039002208662
"GP149",0.519869226407804,"gdT",0.830599819050982,"gdT.S",0.310730592643178
"GP176",0.673737222368815,"CD8aa",0.827323028375802,"gdT.A",0.153585806006987
"GP45",0.549214120181037,"DN",0.825496045577991,"CD4.Y",0.276281925396955
"GP54",0.594331915143989,"DN",0.82481494826027,"gdT.R",0.230483033116281
"GP163",0.631418412655205,"Tz",0.824387632980974,"Tz.wM",0.19296922032577
"GP117",0.661114111467751,"DN",0.824099583506563,"DN.P",0.162985472038812
"GP181",0.533679409191942,"DP",0.821609425602498,"CD8.P",0.287930016410556
"GP34",0.580232779929421,"DP",0.81580561969175,"DN.P",0.23557283976233
"GP155",0.55805041177291,"gdT",0.812708533135912,"gdT.R",0.254658121363003
"GP57",0.603580061739569,"DN",0.812339541571065,"CD8.P",0.208759479831496
"GP11",0.525677335460077,"CD4",0.808230942159549,"CD4.X",0.282553606699472
"GP156",0.591631724031341,"CD4",0.803627081213621,"gdT.Q",0.21199535718228
"GP183",0.544150074824132,"gdT",0.801669183135606,"Treg.P",0.257519108311473
"GP173",0.589804880767778,"Tz",0.798133979734891,"gdT.R",0.208329098967113
"GP189",0.575475843875812,"DN",0.796309540327876,"Tz.P",0.220833696452064
"GP159",0.537245796405473,"Treg",0.795944733985826,"CD4.T",0.258698937580352
"GP18",0.574297798264146,"Tz",0.791361929923473,"gdT.U",0.217064131659328
"GP71",0.531695502280623,"Treg",0.786685072114817,"CD4.Y",0.254989569834193
"GP192",0.593317436655722,"gdT",0.786166420318755,"CD8.K",0.192848983663033
"GP73",0.586115626544183,"DP",0.785694327331764,"gdT.U",0.19957870078758
"GP17",0.535102452737749,"Treg",0.783805026944745,"gdT.S",0.248702574206996
"GP67",0.602124499939052,"DN",0.781245468614058,"Tz.P",0.179120968675006
"GP113",0.509732053733688,"DN",0.776800773429113,"CD4.Y",0.267068719695425
"GP126",0.646410761445158,"DP",0.776197884276258,"DN.D",0.1297871228311
"GP47",0.572970392967343,"CD8aa",0.772815392096518,"CD4.Q",0.199844999129176
"GP128",0.55456081433788,"DN",0.768343306180463,"DN.A",0.213782491842583
"GP135",0.549620885773287,"Tz",0.765079595904852,"DN.P",0.215458710131565
"GP65",0.62919884052481,"DN",0.764977636829105,"Tz.P",0.135778796304295
"GP95",0.548388165561948,"DN",0.76049551028408,"CD8.P",0.212107344722132
"GP182",0.571857228322604,"DN",0.759841151556097,"DN.P",0.187983923233492
"GP78",0.567785934807912,"DN",0.758657576768737,"CD8.P",0.190871641960825
"GP166",0.540679179957882,"Treg",0.750778968006964,"gdT.R",0.210099788049082
"GP199",0.628448797907211,"DN",0.747441460704292,"CD4.Y",0.118992662797081
"GP165",0.586000693267208,"Treg",0.743415937842573,"gdT.Z",0.157415244575366
"GP98",0.520789437343888,"gdT",0.743219131585018,"gdT.Q",0.22242969424113
"GP184",0.607885300962069,"DN",0.739903163958604,"Treg.P",0.132017862996536
"GP33",0.691103497543941,"Tz",0.739899067145429,"Tz.A",0.0487955696014872
"GP76",0.550019420809968,"DN",0.739892730636086,"Tz.P",0.189873309826118
"GP169",0.53793053190978,"CD8aa",0.737812871206272,"DN.P",0.199882339296492
"GP31",0.522725071482066,"CD4",0.737369180809379,"CD8.P",0.214644109327313
"GP42",0.632331643303298,"DN",0.735160010393328,"DN.D",0.10282836709003
"GP50",0.618677878397335,"CD8aa",0.734298111495123,"gdT.E",0.115620233097788
"GP90",0.574881080726369,"Tz",0.73138371353868,"Treg.E",0.156502632812311
"GP120",0.596337745370682,"DP",0.72899852510045,"DN.wM",0.132660779729768
"GP24",0.635313291012426,"DN",0.728747121215658,"DN.I",0.0934338302032323
"GP124",0.60292956367615,"DN",0.728447552917933,"DP.wG",0.125517989241784
"GP75",0.568569033785733,"gdT",0.728179311019723,"gdT.Z",0.159610277233989
"GP109",0.650661866399406,"DP",0.725135972205725,"CD4.S",0.0744741058063197
"GP74",0.679497061149486,"CD4",0.723359878493361,"CD8.F",0.0438628173438748
"GP180",0.518689949413296,"CD8",0.723329405715523,"Tz.B",0.204639456302227
"GP188",0.564268785796614,"DN",0.72302860672401,"CD4.E",0.158759820927396
"GP130",0.638845065901028,"DN",0.721448730165559,"CD8aa.P",0.0826036642645307
"GP60",0.604569156400063,"DN",0.720597767232496,"CD4.P",0.116028610832433
"GP112",0.506295570660384,"CD4",0.720330685441397,"Tz.P",0.214035114781013
"GP19",0.52983722672915,"CD4",0.718969021030806,"CD4.Y",0.189131794301656
"GP123",0.554545253377547,"gdT",0.715981892609582,"gdT.A",0.161436639232035
"GP110",0.601725987217058,"DP",0.714825480265392,"CD8.wV",0.113099493048334
"GP187",0.520132859880156,"Treg",0.713352937046445,"Tz.P",0.193220077166289
"GP125",0.617417289704708,"DN",0.711684792871767,"DN.D",0.0942675031670592
"GP91",0.620601693426991,"DN",0.711286014584735,"DN.D",0.090684321157744
"GP134",0.580153663437496,"DN",0.708451375070641,"CD4.E",0.128297711633145
"GP59",0.547373379327105,"Tz",0.705015143862562,"gdT.Q",0.157641764535457
"GP194",0.603930044658312,"Treg",0.70496360368188,"Tz.D",0.101033559023568
"GP147",0.610861603051427,"DN",0.70368831157227,"DN.C",0.0928267085208422
"GP108",0.55026915531863,"DN",0.703180260775425,"gdT.R",0.152911105456796
"GP40",0.595285298118488,"DP",0.700706303800971,"CD8.wV",0.105421005682484
"GP55",0.587991086929834,"DP",0.698961535363619,"CD4.wZ",0.110970448433785
"GP52",0.611514364216183,"DN",0.697246426583634,"DN.D",0.0857320623674507
"GP84",0.55907531892742,"CD4",0.696963723097325,"DN.D",0.137888404169905
"GP82",0.581229056724636,"DP",0.696417575779648,"CD4.E",0.115188519055012
"GP167",0.560600388475702,"CD8aa",0.694248027992327,"gdT.S",0.133647639516625
"GP157",0.571884857461206,"DN",0.693505920980202,"DN.C",0.121621063518995
"GP103",0.604001281799552,"Treg",0.693177496120571,"gdT.Z",0.0891762143210191
"GP87",0.588244525360923,"DN",0.691801350034166,"Tz.D",0.103556824673243
"GP160",0.582635345214779,"DN",0.691206326585699,"DN.C",0.108570981370919
"GP105",0.622567979398599,"DN",0.690447149871043,"CD8.P",0.0678791704724433
"GP137",0.556204332128174,"DN",0.690188927310518,"CD4.P",0.133984595182344
"GP94",0.61072839087679,"DN",0.688955404222845,"CD8.wV",0.0782270133460545
"GP172",0.527340944453425,"CD4",0.688367294962741,"CD4.P",0.161026350509316
"GP175",0.544574283677986,"gdT",0.688052504133313,"gdT.Z",0.143478220455327
"GP99",0.536765647484786,"CD8aa",0.68780139999756,"CD4.Y",0.151035752512774
"GP81",0.58240772708327,"DP",0.686849982337386,"Tz.D",0.104442255254116
"GP145",0.538240277737778,"CD8aa",0.685882413565759,"CD8aa.wM",0.147642135827981
"GP38",0.640111506395372,"DN",0.685159577907813,"CD8.P",0.0450480715124414
"GP119",0.568007638768859,"DP",0.68296586305926,"CD4.wN",0.114958224290401
"GP148",0.600464076420189,"DN",0.681146688951967,"gdT.B",0.0806826125317784
"GP46",0.535664686224629,"Treg",0.679196212324609,"CD4.P",0.14353152609998
"GP39",0.625373339170727,"DN",0.678351644121649,"DN.I",0.0529783049509219
"GP140",0.529571674352357,"CD8aa",0.675293630024509,"CD4.P",0.145721955672152
"GP185",0.585438573172083,"gdT",0.67372129086827,"Treg.D",0.0882827176961867
"GP146",0.562363216185779,"DN",0.672317166942347,"Tz.D",0.109953950756567
"GP89",0.61134585170195,"DN",0.671107194073881,"DN.I",0.0597613423719313
"GP114",0.528393010881035,"CD4",0.669868285909142,"CD4.Y",0.141475275028108
"GP96",0.541260699232159,"CD4",0.669113234079908,"CD4.R",0.127852534847749
"GP28",0.608885629560945,"DP",0.668460198885448,"CD8.wV",0.0595745693245037
"GP142",0.523189315002341,"CD8aa",0.664579658388944,"CD4.P",0.141390343386603
"GP191",0.637877029372832,"Treg",0.664511497686962,"gdT.V",0.0266344683141307
"GP138",0.566103285996155,"DN",0.664370150167829,"CD4.P",0.0982668641716749
"GP196",0.59417749892123,"gdT",0.663182425696963,"gdT.Z",0.0690049267757331
"GP154",0.582807791835036,"DN",0.662672792207995,"DP.wG",0.0798650003729583
"GP111",0.546422252486365,"CD4",0.662062508082425,"CD4.I",0.115640255596059
"GP143",0.535674682742594,"Tz",0.657335447593776,"CD8.P",0.121660764851182
"GP139",0.545113351313494,"DN",0.656516410907374,"gdT.Z",0.111403059593879
"GP70",0.601025159115838,"DN",0.655635948412223,"CD4.P",0.0546107892963853
"GP115",0.572032073093133,"CD8aa",0.652756404184205,"CD4.Y",0.0807243310910719
"GP102",0.556094829896915,"gdT",0.652274038672445,"gdT.R",0.09617920877553
"GP129",0.549323123669072,"Treg",0.650137549051765,"DN.A",0.100814425382693
"GP92",0.547366610758336,"gdT",0.64967501819358,"CD8aa.wM",0.102308407435243
"GP136",0.557491882071401,"CD8aa",0.649095598222874,"gdT.G",0.0916037161514728
"GP164",0.543631199442183,"CD4",0.638942910202623,"Treg.D",0.0953117107604395
"GP66",0.572865658434402,"Treg",0.633653114214287,"Treg.D",0.060787455779885
"GP132",0.551340275592756,"Treg",0.632341507379948,"Treg.D",0.0810012317871918
"GP64",0.565385092442761,"gdT",0.63093927473598,"DP.wD",0.0655541822932185
"GP168",0.558556086007919,"gdT",0.627767251249453,"gdT.S",0.0692111652415341
"GP83",0.527944472530851,"DP",0.627549129150086,"DN.P",0.0996046566192349
"GP104",0.563323375244802,"gdT",0.622716466047567,"Tz.wM",0.0593930908027646
"GP144",0.535439095419114,"CD4",0.622643790799413,"Tz.D",0.087204695380299
"GP88",0.600617485817115,"DN",0.611028947002215,"DN.B",0.0104114611851004
"GP186",0.533497137901926,"gdT",0.610104670961213,"gdT.Z",0.076607533059287
"GP61",0.556388363919446,"CD8aa",0.607518288320463,"gdT.B",0.0511299244010176
"GP200",0.553905723091268,"gdT",0.607075358619268,"gdT.Z",0.0531696355280002
"GP141",0.556055798821298,"DN",0.605818265411015,"gdT.F",0.0497624665897165
"GP198",0.529554234528078,"Treg",0.60023927757142,"gdT.P",0.0706850430433423
"GP158",0.571851941904582,"gdT",0.599782495335645,"DN.wM",0.0279305534310629
"GP179",0.532464118009602,"gdT",0.598015726723752,"DN.wM",0.0655516087141504
"GP86",0.545237200629114,"CD4",0.596631298624838,"Treg.E",0.0513940979957245
"GP193",0.60176660235726,"Treg",0.5956384378493,"CD8.C",-0.00612816450796039
"GP195",0.570198000000769,"gdT",0.58984850818981,"gdT.wM",0.0196505081890409
"GP97",0.520159527485831,"CD8",0.586297211228826,"CD8.wM",0.0661376837429957
"GP131",0.542143139097408,"gdT",0.577155990814247,"gdT.wM",0.0350128517168389
"GP190",0.524439211722375,"Tz",0.553922765749868,"Treg.D",0.0294835540274929
"GP178",0.525972508937832,"DP",0.549297127024531,"Treg.D",0.0233246180866994
"GP116",0.507681536651409,"CD8",0.532649448445803,"CD4.T",0.0249679117943942
