order,GP
1,GP8
2,GP93
3,GP177
4,GP6
5,GP23
6,GP72
7,GP150
8,GP85
9,GP107
10,GP53
11,GP151
12,GP56
13,GP7
14,GP25
15,GP149
16,GP159
17,GP83
18,GP197
19,GP199
20,GP57
21,GP54
22,GP200
23,GP131
24,GP63
25,GP173
26,GP130
27,GP132
28,GP108
29,GP183
30,GP92
31,GP179
32,GP165
33,GP102
34,GP155
35,GP139
36,GP186
37,GP75
38,GP198
39,GP141
40,GP106
41,GP32
42,GP11
43,GP182
44,GP184
45,GP31
46,GP19
47,GP191
48,GP172
49,GP114
50,GP194
51,GP70
52,GP46
53,GP157
54,GP45
55,GP113
56,GP160
57,GP71
58,GP87
59,GP112
60,GP193
61,GP67
62,GP116
63,GP164
64,GP26
65,GP181
66,GP13
67,GP192
68,GP153
69,GP4
70,GP47
71,GP30
72,GP84
73,GP162
74,GP171
75,GP98
76,GP48
77,GP44
78,GP18
79,GP88
80,GP178
81,GP21
82,GP38
83,GP187
84,GP62
85,GP3
86,GP100
87,GP1
88,GP145
89,GP99
90,GP65
91,GP176
92,GP39
93,GP148
94,GP147
95,GP61
96,GP104
97,GP89
98,GP90
99,GP24
100,GP94
101,GP73
102,GP196
103,GP144
104,GP129
105,GP146
106,GP64
107,GP95
108,GP137
109,GP123
110,GP170
111,GP27
112,GP174
113,GP152
114,GP36
115,GP161
116,GP135
117,GP12
118,GP69
119,GP81
120,GP109
121,GP156
122,GP133
123,GP14
124,GP125
125,GP124
126,GP28
127,GP60
128,GP134
129,GP110
130,GP111
131,GP154
132,GP188
133,GP86
134,GP80
135,GP41
136,GP33
137,GP42
138,GP91
139,GP66
140,GP136
141,GP185
142,GP78
143,GP190
144,GP58
145,GP74
146,GP55
147,GP189
148,GP122
149,GP34
150,GP76
151,GP82
152,GP59
153,GP96
154,GP49
155,GP166
156,GP17
157,GP40
158,GP169
159,GP50
160,GP51
161,GP119
162,GP120
163,GP29
164,GP121
165,GP15
166,GP117
167,GP195
168,GP115
169,GP138
170,GP128
171,GP22
172,GP43
173,GP37
174,GP127
175,GP163
176,GP77
177,GP126
178,GP10
179,GP79
180,GP118
181,GP5
182,GP20
183,GP180
184,GP143
185,GP52
186,GP140
187,GP105
188,GP142
189,GP175
190,GP35
191,GP168
192,GP167
193,GP101
194,GP158
195,GP9
196,GP2
197,GP16
198,GP68
199,GP97
200,GP103
